Workbook

Sheet Vonat
B1: Düsledorf - Bécs | C1: Bécs - Düsledorf | D1: Düsledorf - Bécs | E1: Bécs - Düsledorf | F1: Düsledorf - Bécs | G1: Bécs - Düsledorf | H1: -
A2: SEPTEMBER
B4: Hétfő | C4: Kedd | D4: Szerda | E4: Csütörtök | F4: Péntek | G4: Szombat | H4: Vasárnap
A5: … Week 35 | D5: 1 | E5: 2 | F5: 3 | G5: 4 | H5: 5
A6: Week 36 | B6: 6 | C6: 7 | D6: 8 | E6: 9 | F6: 10 | G6: 11 | H6: 12
A7: Week 37 | B7: HÉTFŐI VONATOT MINDÍG 12 RE VISZZÜK a 16 H OOSTRUMI LERAKÓ MIATT | C7: 14 | D7: 15 | E7: 16 Viszi:PTT 809 Nagy György Feladja:XVV-488 Elhozza:WDR-823 | F7: 17 Viszi: PTT-811 Fodor Károly Feladja:WFP-446 Elhozza:XVV-488 | G7: 18 Viszi:Hangyál Gábor, Hétfőn elhozza , WIttman ( wfp ) Feladja:WAZ 645 Elhozza:WFP-446 | H7: SZOMBATON A LEADÁS 9 RE MENJEN !!!!
A8: Week 38 | B8: 20 Viszi:LAjkó Feladja:XYE-502 Elhozza:WAZ645 | C8: 21 Viszi: Leskó NUC 259 Feladja:WDR 825 Elhozza:XYE-502 | D8: 22 Viszi:Desics Lacibá NLF 971 Feladja:WFP 443 Elhozza:WDR 825 | E8: 23 Viszi:WITTMAN Feladja:WAB 569 Elhozza:WFP 443 | F8: 24 Viszi:NLF 970 Feladja:XYY 027 Elhozza:WAB 569 | G8: 25 Viszi:Wittman Feladja:XVV 489 Elhozza:XYY-027 | H8: SZOMBATON A LEADÁS 9 RE MENJEN !!!!
A9: Week 39 ... | B9: 27 Viszi:Lakatos Feladja:XYN 563 Elhozza:XVV 489 | C9: 28 Viszi: Rózsa A. NJR 106 Feladja: XYY 030 Elhozza: XYN 563 | D9: 29 Viszi: Sütő K. SPP 790 Feladja:WFP 448 Elhozza: XYY 030 | E9: 30 Viszi:Wittman Feladja:XYN-571 Elhozza:WFP 448 | H9: SZOMBATON A LEADÁS 9 RE MENJEN !!!!
A10: SEPTEMBER TOTAL:
A11: OCTOBER
B13: Monday | C13: Tuesday | D13: Wednesday | E13: Thursday | F13: Friday | G13: Saturday | H13: Sunday
A14: … Week 39 | B14: HÉTFŐI VONATOT MINDÍG 12 RE VISZZÜK a 16 H OOSTRUMI LERAKÓ MIATT | F14: 1 Viszi:Balázs István RKG 682 Feladja:WFP 447 Elhozza:XYN-571 | G14: 2 Viszi:Wittman Feladja:WFP 445 Elhozza:WFP 447 | H14: SZOMBATON A LEADÁS 9 RE MENJEN !!!!
A15: Week 40 | B15: 4 Viszi:Lacibá Feladja:WAB569 Elhozza:WFP 445 | C15: 5 Viszi:RÓZSA Feladja:WFP-444 Elhozza:WAB 569 | D15: 6 Viszi: Nagy tamás Feladja:WDR 821 Elhozza:WFP444 | E15: 7 Viszi: pjp 383 lászló lajos Feladja:WDR-824 Elhozza:WDR 821 | F15: 8 Viszi:Pázmándi Feladja:XYE 502 Elhozza:WDR-824 | G15: 9 Viszi:Wittman Feladja:Waz 632 Elhozza:XYE-502 | H15: SZOMBATON A LEADÁS 9 RE MENJEN !!!!
A16: Week 41 | B16: 11 Viszi: Feladja:WFP445 Elhozza:Waz 632 | C16: 12 Viszi:Rózsa , Fodor Feladja:XYY026, WAB 562 Elhozza:WFP 445 | D16: 13 Viszi:pÁLFI FENYVESI Feladja:Wab570 WDR 820 Elhozza:XYY 026, WAB 562 | E16: 14 Viszi: WITTMAN Feladja:waz633 Elhozza:WAB 570 | F16: 15 Viszi:fodor károly Feladja:XVV 488 Elhozza:WAZ 633 | G16: 16 Viszi:WITTMANN Feladja:xzg 404 Elhozza:XVV 488 | H16: SZOMBATON A LEADÁS 9 RE MENJEN !!!!
A17: Week 42 | B17: 18 Viszi:Lakatos Feladja:WFP 441 Elhozza:XZG 404 | C17: 19 Viszi:nagy tamás , slebársky Feladja:WAB 570 xzv990 Elhozza:WFP 441 | D17: 20 Viszi:hanzi hrasztics Feladja:WFP443 Elhozza:Wab 570 xzv 990 | E17: 21 Viszi: Wittman Feladja:WDR 827 Elhozza:WFP 443 | F17: 22 Viszi:Nagy tomi Feladja:WAZ 632 wbn 286 fodor Elhozza:WDR 827 | G17: 23 | H17: SZOMBATON A LEADÁS 9 RE MENJEN !!!!
A18: Week 43 | B18: 25 Viszi:Wittman Feladja: Elhozza:WAZ 632 wbn 286 | C18: 26 | D18: 27 | E18: 28 | F18: 29 | G18: 30 | H18: SZOMBATON A LEADÁS 9 RE MENJEN !!!!
A19: OCTOBER TOTAL:
A20: NOVEMBER
B22: Monday | C22: Tuesday | D22: Wednesday | E22: Thursday | F22: Friday | G22: Saturday | H22: Sunday
A23: Week 44 | B23: HÉTFŐI VONATOT MINDÍG 12 RE VISZZÜK a 16 H OOSTRUMI LERAKÓ MIATT | C23: 2 | D23: 3 | E23: 4 Viszi:Wittman Feladja:Xzg 404 Elhozza: | F23: 5 Viszi:Nagy Tomi Feladja:Wfp 443 Elhozza:Xzg 404 | G23: 6 Viszi: Wittman Feladja: WDR 820 + XZV 988 Elhozza:Wfp 443 | H23: HÉTFŐI VONATOT MINDÍG 12 RE VISZZÜK a 16 H OOSTRUMI LERAKÓ MIATT | I23: SZOMBATON A LEADÁS 9 RE MENJEN !!!!
A24: Week 45 | B24: 8 Viszi:Lakatos , Hideg Atilla Feladja: XYY 026 + WAB 566 Elhozza:Wdr820 + xzv 988 | C24: 9 Viszi: Heizer, Fodor K. Feladja:XZG 406 + WBJ 961 Elhozza:xyy 026- wab 566 | D24: 10 Viszi:Szabó zoli, leskó zoltán Feladja:waz 632 wcr 369 Elhozza:Xzg 406- wbn 294 | E24: 11 Viszi: Wittmann B + Feladja: WAB 569 + WDJ 918 Elhozza:WFP442+ WCR369 | F24: 12 Viszi: Wittmann B Feladja: WAB 567+ Elhozza: | G24: 13 Viszi: Feladja: Elhozza: | H24: SZOMBATON A LEADÁS 9 RE MENJEN !!!!
A25: Week 46 | B25: 15 Viszi: Heizer Feladja: xyy 027 Elhozza: | C25: 16 Viszi:Fodor zsolt, Slebárszky Feladja: ,wct 773 xzg 403 Elhozza:xzv 974, xyy 027 | D25: 17 Viszi:Hanzi ,nagy györgy Feladja:XZV 987, WBN 286 Elhozza: wct 773 xzg 403 | E25: 18 Viszi: Wittmann, Dalanics Feladja: WDR 827, WDJ 962 Elhozza:XZV 987,WBN 286 | F25: 19 Viszi:Bálint László,Vancsó Feladja:wdr 826 WBN 291 Elhozza:WDR 827 ,WDJ 962 | G25: 20 Viszi:wittman , Ormándi Feladja:WAB 751 ,wdr 824 Elhozza:WDR 826,wbn 291 | H25: SZOMBATON A LEADÁS 9 RE MENJEN !!!!
A26: Week 47 | B26: 22 Viszi: Nagy Tamás Molárovits Feladja:XZG 401, wcr373 Elhozza:Wab 751 wdr 824 | C26: 23 Viszi:Farkas Rdolf , Rózsa Ati Feladja: XYN 571 , wdr826 Elhozza: XZG401 WCr 373 , | D26: 24 Viszi:Dénes Gábor, lajkó Feladja:Wab 567 , WBN288 Elhozza:XYN 571, wdr 826 | E26: 25 Viszi:Wittman Balázs , Balázs István Feladja: XZV 987 + WFP 447 Elhozza:WAB 567 , WBN 288 | F26: 26 Viszi: Tóth Zoli Farkas rudi Feladja:WAB-752 + XYY-029 Elhozza:Xzv 987 WFP 447 | G26: 27 Viszi: Perényi , Fodor karcsi Feladja: WAZ 638 / WDR 824 Elhozza:Wab 752+ xyy029 | H26: SZOMBATON A LEADÁS 9 RE MENJEN !!!!
A27: Week 48 … | B27: 29 Viszi:Szakács, Farkas Rudi Feladja:waz 634 , Wfp 447 Elhozza:Waz 638 + Wdr 824 | C27: 30 Viszi:Lázár gabi , Éliás attila Feladja:WAZ 645 / WDJ 960 Elhozza:waz 634, , Wab 752 | D27: WFP 447 szerdan jön le | H27: SZOMBATON A LEADÁS 9 RE MENJEN !!!!
A28: NOVEMBER TOTAL:
A29: DECEMBER
B31: Monday | C31: Tuesday | D31: Wednesday | E31: Thursday | F31: Friday | G31: Saturday | H31: Sunday
A32: … Week 48 | B32: HÉTFŐI VONATOT MINDÍG 12 RE VISZZÜK a 16 H OOSTRUMI LERAKÓ MIATT | C32: waz 624 | D32: 1 Viszi:, Dénes gabi , Nagy László Feladja:WFP 447 , WFP 443 ,WBU 760 Elhozza:WAZ 645 / WDJ 960 | E32: 2 Viszi:Wittman , tozsó Feladja:waz 638, WAB 567 Elhozza:WFP 447 , WFP 443 ,WBU 760 | F32: 3 Viszi:Heizer , pázmándi Feladja:Waz 641 XZG 401 Elhozza:wab 567 Waz 638 | G32: 4 Viszi:Wittman , Feladja:xzv 971, Wab 569 Elhozza:Waz 641 XZG 401 | H32: SZOMBATON A LEADÁS 9 RE MENJEN !!!!
A33: Week 49 | B33: 6 Viszi:Dalanics , Dalanics / Leiner Feladja:XZV 971,WFP 446 Elhozza:xzv 971, Wab 569 | C33: 7 Viszi:Wittman, karesz ,glázer Feladja:Wbn 287 waz 624, Elhozza:XZV 971,WFP 446 | D33: 8 Viszi:nagy tomi , leskó Feladja: wdr 820 ,WCU 058 Elhozza:Wbn 287 waz 624, | E33: 9 Viszi:Nagy györgy Wittman Feladja:wab 569 , WBN 290 Elhozza:wdr 820 ,WCU 058 | F33: 10 Viszi:Kovács ferenc , Farkas Rudolf Feladja:XYN 563,XZV 975 Elhozza: WBN 290 wab 569 , | G33: 11 Viszi:Witmman, Feladja:XZV 978,wdr 826 Elhozza:XYN 563,XZV 975 | H33: SZOMBATON A LEADÁS 9 RE MENJEN !!!!
A34: Week 50 | B34: 13 Viszi:Lakatos , Hideg Feladja:WCT 770,WFP 448 Elhozza: wdr 826 XZV 978, | C34: 14 Viszi:Nagy Tomi , Rózsa Feladja:WBN 294,WFp 444 Elhozza:WCT 770,WFP 448 | D34: 15 Viszi:hanzi , Kaona gábor Feladja:XZG 402,WDR 824 Elhozza:WBN 294,WFp 444 | E34: 16 Viszi:Kiss sanyi , németh zsolt Feladja:WFP 446,WAW 563 Elhozza:XZG 402,WDR 824 | F34: 17 Viszi:nagy tomi , leskó Feladja:WFP 441,WDJ 919 Elhozza:WFP 446,WAW 563 | G34: 18 Viszi:papp zoli, csicsai Feladja:xzv 978, xzv 990 Elhozza:WFP 441,WDJ 919 | H34: SZOMBATON A LEADÁS 9 RE MENJEN !!!!
A35: Week 51 | B35: 20 Viszi:NAgy szilárd Feladja:WAB 571,XZV 978 Elhozza:xzv 978, xzv 990 | C35: VÉÉÉGEEEEEEE | D35: 22 | E35: 23 | F35: Foglaláls leadni Január 8 ??? | G35: 25 | H35: SZOMBATON A LEADÁS 9 RE MENJEN !!!!
A36: Week 52 | B36: 27 | C36: 28 | D36: 29 | E36: 30 | F36: 31 | H36: SZOMBATON A LEADÁS 9 RE MENJEN !!!!
A40: 2022 JANUARY
B42: Monday | C42: Tuesday | D42: Wednesday | E42: Thursday | F42: Friday | G42: Saturday | H42: Sunday | I42: SZOMBATON A LEADÁS 9 RE MENJEN !!!!
A43: … Week 52 | B43: HÉTFŐI VONATOT MINDÍG 12 RE VISZZÜK a 16 H OOSTRUMI LERAKÓ MIATT | G43: 1 | H43: 2 | I43: SZOMBATON A LEADÁS 9 RE MENJEN !!!!
A44: Week 1 | B44: 3 FIRST TRAIN!! (planned) | C44: 4 | D44: 5 NO TRAIN! | E44: 6 (Epiphany Holiday) NO TRAIN! Düsseldorf: ? Vienna: CLOSED | F44: 7 FIRST TRAIN!! (planned) | G44: 8 Viszi:Wittmann Feladja: Waw 565,xyy026,wct772 Elhozza:- | H44: 9 | I44: SZOMBATON A LEADÁS 9 RE MENJEN !!!!
A45: Week 2 | B45: 10 Viszi:Simonka, Segedi ZSolt Feladja:wfp445 waw565wab566, Elhozza: Waw 565,wct772,xyy026 | C45: 11 Viszi:KovácsMarci, Kálóczi, Németh zsolt Feladja: WCU054 WAB 563 XYY 028 Elhozza:wfp445waw565wab566 | D45: 12 Viszi:Szalai,Hrasztics,fari rudi Feladja:WAZ 624,XYY 027 ,XZV 973 Elhozza:WCU054 WAB 563 XYY 028 | E45: 13 Viszi:CSicsai,Pollák,Perényi Feladja:WCU053,WCT773,WBN289 Elhozza:WAZ 624,xyy 027,XZV 973 | F45: 14 Viszi:Vancsó,Fenyvesi,Kálóczy Feladja: WCZ448,WCR370,XZG406 Elhozza:WCU053,WCT773,WBN289 | G45: 15 Viszi:Éliás, Simon,Lázár Feladja: XZV972,XYY029,XZV983 Elhozza:WCZ448,WCR370,XZG406 | H45: 16 | I45: SZOMBATON A LEADÁS 9 RE MENJEN !!!!
A46: Week 3 | B46: 17 Viszi:Fodor, Nagy L ,Szalai Feladja: WFR663,XZG 403,WDR824 Elhozza:XZV972,XYY029,XZV983 | C46: 18 Viszi:Dénes , Záreczki, Sinkovits Feladja: WAB 567,XZV977,WDJ957 Elhozza:WFR663,XZG 403,WCZ443 | D46: 19 Viszi:Szalai, Kovács F ,Fodor K Feladja:XZV972,WAB 569,WCU 059 Elhozza: WAB567,XZV977,WDJ957 | E46: 20 Viszi:Wittman, tozsó, Nagy Laci Feladja: WAW565,WDR824,wab570 Elhozza:XZV972,WAB 569,WCU 059 | F46: 21 Viszi:Tóth zoltán , Láncz Lakatos Feladja: XZG 405 ,WBN294 Elhozza:WAW565,WDR824,wab570 | G46: 22 Viszi:Wittmann, Leiner Feladja: WCU 054,WDR821,WFP443 Elhozza:XZG 405 ,WBN294 | H46: 23 | I46: SZOMBATON A LEADÁS 9 RE MENJEN !!!!
A47: Week 4 | B47: 24 Viszi:gerstmayer ,Desics,Simonka Feladja: WCU 057,WAW 565,XYN 564 Elhozza:WCU054,WDR821,WFP443 | C47: 25 Viszi:Záreczki, baké,sinkovits Feladja: WBU760,XZV977,WFP442 Elhozza:WCU 057, WAW565,XYN 564 | D47: 26 Viszi:Fraksa rudolf,Kozma,Bakán Feladja: WAW564,WDR821,WBN289 Elhozza:WBU760,XZV977,WFP442 | E47: 27 Viszi:Wittman,kántor,záreczki Feladja: WDR827WCZ 449 WAW 569 Elhozza:WAW564,WDR821,WBN289 | F47: 28 Viszi:Kov Márton, lakatos , horváth i Feladja: xzg407,WDR820,WAZ641 Elhozza:WDR827WCZ 449 WAW 569 | G47: 29 Viszi:Wittman,Bálint László,Szabó Z Feladja: Wbn288,WDR 823,WAZ 642 Elhozza:xzg407,WDR820,WAZ641 | H47: 30 | I47: SZOMBATON A LEADÁS 9 RE MENJEN !!!!
A48: Week 5 | B48: 31 Viszi:Nagy L,Heizer,Dalanics Feladja: XYY 029,WCR 370,XZV 985 Elhozza:Wbn288,WDR 823,WAZ 642
A49: JANUARY TOTAL:
A52: 2022 FEBRUARY
B54: Monday | C54: Tuesday | D54: Wednesday | E54: Thursday | F54: Friday | G54: Saturday | H54: Sunday | I54: SZOMBATON A LEADÁS 9 RE MENJEN !!!!
A55: Week 5 | B55: HÉTFŐI VONATOT MINDÍG 12 RE VISZZÜK a 16 H OOSTRUMI LERAKÓ MIATT | C55: 1 Viszi:Záreczki Láncz sinkovits Feladja: NVD 231 NAV 322 NVD 233 Elhozza:XYY 029,WCR 370,XZV 985 | D55: 2 Viszi:Bálint L , Szabó Z , Tóth Z Feladja: WAB 749,XYF494,XZV979 Elhozza:NVD 231 NAV 322 NVD 233 | E55: 3 | F55: 4 | G55: 5 | H55: 6 | I55: SZOMBATON A LEADÁS 9 RE MENJEN !!!!
A56: Week 6 | B56: 7 Viszi: Desics Pollák szalai i Feladja: WCZ443,WCZ445,XYN571 Elhozza:WDJ919,WAW566,WAB567 | C56: 8 Viszi: SiSI,ZIZI,Glázer Feladja: WAB570,WAB753,XZG408 Elhozza:WCZ443,WCZ445,XYN571 | D56: 9 Viszi: KozmaI ,BalázsI,Leiner Feladja: WDR826,XZV983,XZV988 Elhozza:WAB570,WAB753,XZG408 | E56: 10 Viszi: wittman,sinkovits,kiss sandor Feladja: WFP443,XZG409WBU760 Elhozza:WDR826,XZV983,XZV988 | F56: 11 Viszi: páris,vancsó,lajkó Feladja:XYN564,xzv985,WAZ639 Elhozza:WFP443,XZG409WBU760 | G56: 12 Viszi: Wittman,DénesGabi,Zizi Feladja: WAB564,XZV985,WBN295 Elhozza:XYN564,WCU053,WAZ639 | H56: 13 | I56: SZOMBATON A LEADÁS 9 RE MENJEN !!!!
A57: Week 7 | B57: 14 Viszi: Fodor Károly,Leskó,Tóth zoli Feladja: WDR821,WCR373,WBN291 Elhozza:WAB564,XZV985,WBN295 | C57: 15 Viszi: Záreczki, logos sofőr,török a Feladja: WAB 753XZV988XZG411 Elhozza:WDR821,WCR373,WBN291 | D57: 16 Viszi: Tóthzoli,Kern,Lakatos Feladja: WAB564,WDJ914,WDR820, Elhozza:WAB 753XZV988XZG411 | E57: 17 Viszi: Wittman, Balázs István,Log Feladja: WBN292,WAZ645,WCZ444 Elhozza:WAW567,WDR820,WAZ640 | F57: 18 Viszi: Feladja: WDJ957,XZV 977,XYN571 Elhozza:WBN292,XYF 494,WCZ444 | G57: 19 Viszi: Feladja: Elhozza:WDJ957,XZV 977,WBN289 | H57: 20 | I57: SZOMBATON A LEADÁS 9 RE MENJEN !!!!
A58: Week 8 | B58: 21 Viszi: Feladja: Elhozza: | C58: 22 Viszi: Feladja: Elhozza:WDJ957,XZV 977,WBN289 | D58: 23 Viszi: Feladja: Elhozza: | E58: 24 Viszi: Feladja: Elhozza: | F58: 25 Viszi: Feladja: Elhozza: | G58: 26 Viszi: Feladja: Elhozza: | H58: 27 | I58: SZOMBATON A LEADÁS 9 RE MENJEN !!!!
A59: Week 9 | B59: 28
A61: FEBRUARY TOTAL:
A64: 2022 MARCH
B66: Monday | C66: Tuesday | D66: Wednesday | E66: Thursday | F66: Friday | G66: Saturday | H66: Sunday
A67: Week 9 | B67: HÉTFŐI VONATOT MINDÍG 12 RE VISZZÜK a 16 H OOSTRUMI LERAKÓ MIATT | C67: 1 | D67: 2 | E67: 3 | F67: 4 | G67: 5 | H67: 6 | I67: SZOMBATON A LEADÁS 9 RE MENJEN !!!!
A68: Week 10 | B68: 7 | C68: 8 | D68: 9 | E68: 10 | F68: 11 | G68: 12 | H68: 13 | I68: SZOMBATON A LEADÁS 9 RE MENJEN !!!!
A69: Week 11 | B69: 14 | C69: 15 | D69: 16 | E69: 17 | F69: 18 | G69: 19 | H69: 20 | I69: SZOMBATON A LEADÁS 9 RE MENJEN !!!!
A70: Week 12 | B70: 21 | C70: 22 | D70: 23 | E70: 24 | F70: 25 | G70: 26 | H70: 27 | I70: SZOMBATON A LEADÁS 9 RE MENJEN !!!!
A71: Week 13 | B71: 28 | C71: 29 | D71: 30 | E71: 31
A73: MARCH TOTAL:
A77: 2022 APRIL
B79: Monday | C79: Tuesday | D79: Wednesday | E79: Thursday | F79: Friday | G79: Saturday | H79: Sunday
A80: Week 13 | B80: HÉTFŐI VONATOT MINDÍG 12 RE VISZZÜK a 16 H OOSTRUMI LERAKÓ MIATT | F80: 1 | G80: 2 | H80: 3 | I80: SZOMBATON A LEADÁS 9 RE MENJEN !!!!
A81: Week 14 | B81: 4 | C81: 5 | D81: 6 | E81: 7 | F81: 8 | G81: 9 | H81: 10 | I81: SZOMBATON A LEADÁS 9 RE MENJEN !!!!
A82: Week 15 | B82: 11 | C82: 12 | D82: 13 | E82: 14 | F82: 15 | G82: 16 | H82: 17 | I82: SZOMBATON A LEADÁS 9 RE MENJEN !!!!
A83: Week 16 | B83: 18 | C83: 19 | D83: 20 | E83: 21 | F83: 22 | G83: 23 | H83: 24 | I83: SZOMBATON A LEADÁS 9 RE MENJEN !!!!
A84: Week 17 | B84: 25 | C84: 26 | D84: 27 | E84: 28 | F84: 29 | G84: 30
A86: APRIL TOTAL:
A90: 2022 MAY
B92: Monday | C92: Tuesday | D92: Wednesday | E92: Thursday | F92: Friday | G92: Saturday | H92: Sunday
A93: Week 17 | B93: HÉTFŐI VONATOT MINDÍG 12 RE VISZZÜK a 16 H OOSTRUMI LERAKÓ MIATT | H93: 1 | I93: SZOMBATON A LEADÁS 9 RE MENJEN !!!!
A94: Week 18 | B94: 2 | C94: 3 | D94: 4 | E94: 5 | F94: 6 | G94: 7 | H94: 8 | I94: SZOMBATON A LEADÁS 9 RE MENJEN !!!!
A95: Week 19 | B95: 9 | C95: 10 | D95: 11 | E95: 12 | F95: 13 | G95: 14 | H95: 15 | I95: SZOMBATON A LEADÁS 9 RE MENJEN !!!!
A96: Week 20 | B96: 16 | C96: 17 | D96: 18 | E96: 19 | F96: 20 | G96: 21 | H96: 22 | I96: SZOMBATON A LEADÁS 9 RE MENJEN !!!!
A97: Week 21 | B97: 23 | C97: 24 | D97: 25 | E97: 26 | F97: 27 | G97: 28 | H97: 29 | I97: SZOMBATON A LEADÁS 9 RE MENJEN !!!!
A98: Week 22 | B98: 30 | C98: 31
A99: MAY TOTAL:
A101: 2022 JUNE
B103: Monday | C103: Tuesday | D103: Wednesday | E103: Thursday | F103: Friday | G103: Saturday | H103: Sunday
A104: Week 22 | B104: HÉTFŐI VONATOT MINDÍG 12 RE VISZZÜK a 16 H OOSTRUMI LERAKÓ MIATT | D104: 1 | E104: 2 | F104: 3 | G104: 4 | H104: 5 | I104: SZOMBATON A LEADÁS 9 RE MENJEN !!!!
A105: Week 23 | B105: 6 | C105: 7 | D105: 8 | E105: 9 | F105: 10 | G105: 11 | H105: 12 | I105: SZOMBATON A LEADÁS 9 RE MENJEN !!!!
A106: Week 24 | B106: 13 | C106: 14 | D106: 15 | E106: 16 | F106: 17 | G106: 18 | H106: 19 | I106: SZOMBATON A LEADÁS 9 RE MENJEN !!!!
A107: Week 25 | B107: 20 | C107: 21 | D107: 22 | E107: 23 | F107: 24 | G107: 25 | H107: 26 | I107: SZOMBATON A LEADÁS 9 RE MENJEN !!!!
A108: Week 26 | B108: 27 | C108: 28 | D108: 29 | E108: 30 | I108: SZOMBATON A LEADÁS 9 RE MENJEN !!!!
A110: JUNE TOTAL:
A112: 2022 JULY
B114: Monday | C114: Tuesday | D114: Wednesday | E114: Thursday | F114: Friday | G114: Saturday | H114: Sunday
A115: Week 26 | B115: HÉTFŐI VONATOT MINDÍG 12 RE VISZZÜK a 16 H OOSTRUMI LERAKÓ MIATT | F115: 1 | G115: 2 | H115: 3 | I115: SZOMBATON A LEADÁS 9 RE MENJEN !!!!
A116: Week 27 | B116: 4 | C116: 5 | D116: 6 | E116: 7 | F116: 8 | G116: 9 | H116: 10 | I116: SZOMBATON A LEADÁS 9 RE MENJEN !!!!
A117: Week 28 | B117: 11 | C117: 12 | D117: 13 | E117: 14 | F117: 15 | G117: 16 | H117: 17 | I117: SZOMBATON A LEADÁS 9 RE MENJEN !!!!
A118: Week 29 | B118: 18 | C118: 19 | D118: 20 | E118: 21 | F118: 22 | G118: 23 | H118: 24 | I118: SZOMBATON A LEADÁS 9 RE MENJEN !!!!
A119: Week 30 | B119: 25 | C119: 26 | D119: 27 | E119: 28 | F119: 29 | G119: 30 | H119: 31 | I119: SZOMBATON A LEADÁS 9 RE MENJEN !!!!
A121: JULY TOTAL:
A123: 2022 AUGUST
B125: Monday | C125: Tuesday | D125: Wednesday | E125: Thursday | F125: Friday | G125: Saturday | H125: Sunday
A126: Week 31 | B126: 1 | C126: 2 | D126: 3 | E126: 4 | F126: 5 | G126: 6 | H126: 7 | I126: SZOMBATON A LEADÁS 9 RE MENJEN !!!!
A127: Week 32 | B127: 8 | C127: 9 | D127: 10 | E127: 11 | F127: 12 | G127: 13 | H127: 14 | I127: SZOMBATON A LEADÁS 9 RE MENJEN !!!!
A128: Week 33 | B128: 15 | C128: 16 | D128: 17 | E128: 18 | F128: 19 | G128: 20 | H128: 21 | I128: SZOMBATON A LEADÁS 9 RE MENJEN !!!!
A129: Week 34 | B129: 22 | C129: 23 | D129: 24 | E129: 25 | F129: 26 | G129: 27 | H129: 28 | I129: SZOMBATON A LEADÁS 9 RE MENJEN !!!!
A130: Week 35 | B130: 29 | C130: 30 | D130: 31
A132: AUGUST TOTAL:
A134: 2022 SEPTEMBER
B136: Monday | C136: Tuesday | D136: Wednesday | E136: Thursday | F136: Friday | G136: Saturday | H136: Sunday
...

Sheet Szabik 2021
A1: 2022 | B1: X -et rakj abba a cellába, ahol szabadságot akarsz rögzíteni!!
B2: ezt ne piszkáld | C2: ezt se | D2: ezt se | E2: ezt se | F2: SZ | G2: CS | H2: P | I2: SZ | J2: V | K2: H | L2: K | M2: SZ | N2: CS | O2: P | P2: SZ | Q2: V | R2: H | S2: K | T2: SZ | U2: CS | V2: P | W2: SZ | X2: V | Y2: H | Z2: K | AA2: SZ | AB2: CS | AC2: P | AD2: SZ | AE2: V | AF2: H | AG2: K | AH2: SZ | AI2: CS | AJ2: P | AK2: SZ | AL2: V | AM2: H | AN2: K | AO2: SZ | AP2: CS | AQ2: P | AR2: SZ | AS2: V | AT2: H | AU2: K | AV2: SZ | AW2: CS | AX2: P | AY2: SZ | AZ2: V | BA2: H | BB2: K | BC2: SZ | BD2: CS | BE2: P | BF2: SZ | BG2: V | BH2: H | BI2: K | BJ2: SZ | BK2: CS | BL2: P | BM2: SZ | BN2: V | BO2: H | BP2: K | BQ2: SZ | BR2: CS | BS2: P | BT2: SZ | BU2: V | BV2: H | BW2: K | BX2: SZ | BY2: CS | BZ2: P | CA2: SZ | CB2: V | CC2: H | CD2: K | CE2: SZ | CF2: CS | CG2: P | CH2: SZ | CI2: V | CJ2: H | CK2: K | CL2: SZ | CM2: CS | CN2: P | CO2: SZ | CP2: V | CQ2: H | CR2: K | CS2: SZ | CT2: CS | CU2: P | CV2: SZ | CW2: V | CX2: H | CY2: K | CZ2: SZ | DA2: CS | DB2: P | DC2: SZ | DD2: V | DE2: H | DF2: K | DG2: SZ | DH2: CS | DI2: P | DJ2: SZ | DK2: V | DL2: H | DM2: K | DN2: SZ | DO2: CS | DP2: P | DQ2: SZ | DR2: V | DS2: H | DT2: K | DU2: SZ | DV2: CS | DW2: P
A3: Név | B3: Összes kivehető Szabadság | C3: Még felhasználható szabadság (augusztus végi állapot alapján) | D3: Szept 1-től igénybe vett | E3: Marad | F3: 01.szept | G3: 02.szept | H3: 03.szept | I3: 04.szept | J3: 05.szept | K3: 06.szept | L3: 07.szept | M3: 08.szept | N3: 09.szept | O3: 10.szept | P3: 11.szept | Q3: 12.szept | R3: 13.szept | S3: 14.szept | T3: 15.szept | U3: 16.szept | V3: 17.szept | W3: 18.szept | X3: 19.szept | Y3: 20.szept | Z3: 21.szept | AA3: 22.szept | AB3: 23.szept | AC3: 24.szept | AD3: 25.szept | AE3: 26.szept | AF3: 27.szept | AG3: 28.szept | AH3: 29.szept | AI3: 30.szept | AJ3: 01.okt | AK3: 02.okt | AL3: 03.okt | AM3: 04.okt | AN3: 05.okt | AO3: 06.okt | AP3: 07.okt | AQ3: 08.okt | AR3: 09.okt | AS3: 10.okt | AT3: 11.okt | AU3: 12.okt | AV3: 13.okt | AW3: 14.okt | AX3: 15.okt | AY3: 16.okt | AZ3: 17.okt | BA3: 18.okt | BB3: 19.okt | BC3: 20.okt | BD3: 21.okt | BE3: 22.okt | BF3: 23.okt | BG3: 24.okt | BH3: 25.okt | BI3: 26.okt | BJ3: 27.okt | BK3: 28.okt | BL3: 29.okt | BM3: 30.okt | BN3: 31.okt | BO3: 01.nov | BP3: 02.nov | BQ3: 03.nov | BR3: 04.nov | BS3: 05.nov | BT3: 06.nov | BU3: 07.nov | BV3: 08.nov | BW3: 09.nov | BX3: 10.nov | BY3: 11.nov | BZ3: 12.nov | CA3: 13.nov | CB3: 14.nov | CC3: 15.nov | CD3: 16.nov | CE3: 17.nov | CF3: 18.nov | CG3: 19.nov | CH3: 20.nov | CI3: 21.nov | CJ3: 22.nov | CK3: 23.nov | CL3: 24.nov | CM3: 25.nov | CN3: 26.nov | CO3: 27.nov | CP3: 28.nov | CQ3: 29.nov | CR3: 30.nov | CS3: 01.dec | CT3: 02.dec | CU3: 03.dec | CV3: 04.dec | CW3: 05.dec | CX3: 06.dec | CY3: 07.dec | CZ3: 08.dec | DA3: 09.dec | DB3: 10.dec | DC3: 11.dec | DD3: 12.dec | DE3: 13.dec | DF3: 14.dec | DG3: 15.dec | DH3: 16.dec | DI3: 17.dec | DJ3: 18.dec | DK3: 19.dec | DL3: 20.dec | DM3: 21.dec | DN3: 22.dec | DO3: 23.dec | DP3: 24.dec | DQ3: 25.dec | DR3: 26.dec | DS3: 27.dec | DT3: 28.dec | DU3: 29.dec | DV3: 30.dec | DW3: 31.dec
A4: Adamek István | B4: 30 | C4: 11 | D4: =COUNTIF(F4:DW4,"x") -> 16 | E4: =C4-D4 -> -5 | BK4: x | BL4: x | DJ4: x | DK4: x | DL4: x | DM4: x | DN4: x | DO4: x | DP4: x | DQ4: x | DR4: x | DS4: x | DT4: x | DU4: x | DV4: x | DW4: x | DX4: JAN 2- indulás
A5: Árvai József | B5: 33 | C5: 10 | D5: =COUNTIF(F5:DW5,"x") -> 4 | E5: =C5-D5 -> 6 | AX5: X | DU5: x | DV5: x | DW5: x | DX5: 27-28 DSV, Jan 2 kezdés
A6: Bagi Lajos | B6: 30 | C6: 14 | D6: =COUNTIF(F6:DW6,"x") -> 9 | E6: =C6-D6 -> 5 | DL6: x | DM6: x | DN6: x | DO6: x | DS6: x | DT6: x | DU6: x | DV6: x | DW6: x | DX6: Indulnak amikor kell
A7: Bagi Márió Lajos | B7: 22 | C7: 9 | D7: =COUNTIF(F7:DW7,"x") -> 9 | E7: =C7-D7 -> 0 | DL7: x | DM7: x | DN7: x | DO7: x | DS7: x | DT7: x | DU7: x | DV7: x | DW7: x | DX7: Indulnak amikor kell
A8: Bak László | B8: 30 | C8: 14 | D8: =COUNTIF(F8:DW8,"x") -> 9 | E8: =C8-D8 -> 5 | DL8: x | DM8: x | DN8: x | DO8: x | DS8: x | DT8: x | DU8: x | DV8: x | DW8: x | DX8: Jan 3-4 indulnak ahogy lesz munka
A9: Bakán Tibor | B9: 30 | C9: 6 | D9: =COUNTIF(F9:DW9,"x") -> 14 | E9: =C9-D9 -> -8 | CG9: x | CJ9: x | CK9: x | CL9: x | CM9: x | CN9: x | CQ9: x | CR9: x | CS9: x | DS9: x | DT9: x | DU9: x | DV9: x | DW9: x | DX9: JAN 2- indulás
A10: Balázs István | B10: 31 | C10: 21 | D10: =COUNTIF(F10:DW10,"x") -> 10 | E10: =C10-D10 -> 11 | DI10: x | DL10: x | DM10: x | DN10: x | DO10: x | DS10: x | DT10: x | DU10: x | DV10: x | DW10: x | DX10: JAN 2- indulás
A11: Balázs Tibor | B11: 30 | C11: 15 | D11: =COUNTIF(F11:DW11,"x") -> 14 | E11: =C11-D11 -> 1 | AD11: x | AE11: x | BE11: x | BF11: x | BG11: x | BH11: x | BM11: x | BN11: x | BO11: x | DS11: x | DT11: x | DU11: x | DV11: x | DW11: x | DX11: JAN 2- indulás
A12: Bálint László | B12: 24 | C12: 6 | D12: =COUNTIF(F12:DW12,"x") -> 6 | E12: =C12-D12 -> 0 | BV12: x | DS12: x | DT12: x | DU12: x | DV12: x | DW12: x | DX12: JAN 5- indulás
A13: Beke Zsolt | B13: 34 | C13: 15 | D13: =COUNTIF(F13:DW13,"x") -> 0 | E13: =C13-D13 -> 15
A14: Csák László | B14: 30 | C14: 18 | D14: =COUNTIF(F14:DW14,"x") -> 8 | E14: =C14-D14 -> 10 | BE14: x | DN14: x | DO14: x | DS14: x | DT14: x | DU14: x | DV14: x | DW14: x | DX14: JAN 3-4- indulás
A15: Cselényi József | B15: 31 | C15: 20 | D15: =COUNTIF(F15:DW15,"x") -> 0 | E15: =C15-D15 -> 20
A16: Csicsai Gábor | B16: 30 | C16: 11 | D16: =COUNTIF(F16:DW16,"x") -> 11 | E16: =C16-D16 -> 0 | BL16: x | BO16: x | DL16: x | DM16: x | DN16: x | DO16: x | DS16: x | DT16: x | DU16: x | DV16: x | DW16: x | DX16: JAN 2- indulás
A17: Dalanics Zsolt | B17: 30 | C17: 21 | D17: =COUNTIF(F17:DW17,"x") -> 7 | E17: =C17-D17 -> 14 | DN17: x | DO17: x | DS17: x | DT17: x | DU17: x | DV17: x | DW17: x | DX17: JAN 2- indulás
A18: Dallos Zoltán János | B18: 30 | C18: 7 | D18: =COUNTIF(F18:DW18,"x") -> 6 | E18: =C18-D18 -> 1 | DO18: x | DS18: x | DT18: x | DU18: x | DV18: x | DW18: x | DX18: 3-JAN indulás
A19: Dani Sándor | B19: 30 | C19: 17 | D19: =COUNTIF(F19:DW19,"x") -> 0 | E19: =C19-D19 -> 17
A20: Dénes Gábor | B20: 22 | C20: 6 | D20: =COUNTIF(F20:DW20,"x") -> 9 | E20: =C20-D20 -> -3 | DL20: x | DM20: x | DN20: x | DO20: x | DS20: x | DT20: x | DU20: x | DV20: x | DW20: x | DX20: JAN 5- indulás
A21: Desics László | B21: 30 | C21: 3 | D21: =COUNTIF(F21:DW21,"x") -> 0 | E21: =C21-D21 -> 3
A22: Drozd Péter | B22: 30 | C22: 2 | D22: =COUNTIF(F22:DW22,"x") -> 5 | E22: =C22-D22 -> -3 | DS22: x | DT22: x | DU22: x | DV22: x | DW22: x | DX22: JAN 4- este indulna, de még egyezteteni
A23: Eipl András | B23: 32 | C23: 23 | D23: =COUNTIF(F23:DW23,"x") -> 0 | E23: =C23-D23 -> 23
A24: Éliás Attila | B24: 32 | C24: 14 | D24: =COUNTIF(F24:DW24,"x") -> 6 | E24: =C24-D24 -> 8 | DE24: x | DS24: x | DT24: x | DU24: x | DV24: x | DW24: x | DX24: JAN 5- indulás
A25: Ércz József | B25: 32 | C25: 4 | D25: =COUNTIF(F25:DW25,"x") -> 6 | E25: =C25-D25 -> -2 | AX25: X | DS25: x | DT25: x | DU25: x | DV25: x | DW25: x | DX25: JAN 3 belföld, JAN 4 indulás
A26: Falusi Ferenc Sándor | B26: 30 | C26: 6 | D26: =COUNTIF(F26:DW26,"x") -> 5 | E26: =C26-D26 -> 1 | DS26: x | DT26: x | DU26: x | DV26: x | DW26: x | DX26: JAN 4- indulás
A27: Farkas Attila | B27: 30 | C27: 18 | D27: =COUNTIF(F27:DW27,"x") -> 0 | E27: =C27-D27 -> 18
A28: Farkas Bálint | B28: 8 | C28: 5 | D28: =COUNTIF(F28:DW28,"x") -> 0 | E28: =C28-D28 -> 5
A29: Farkas Rudolf Attila | B29: 30 | C29: 4 | D29: =COUNTIF(F29:DW29,"x") -> 13 | E29: =C29-D29 -> -9 | AO29: x | AP29: x | BM29: x | BN29: x | BO29: x | DO29: x | DQ29: x | DR29: x | DS29: x | DT29: x | DU29: x | DV29: x | DW29: x | DX29: JAN 3- indulás
A30: Fehér Imre | B30: 30 | C30: 12 | D30: =COUNTIF(F30:DW30,"x") -> 20 | E30: =C30-D30 -> -8 | AT30: x | AU30: x | AV30: x | AW30: x | AX30: x | AY30: x | AZ30: x | BA30: x | BB30: x | BC30: x | BD30: x | BE30: x | BF30: x | BG30: x | DO30: x | DS30: x | DT30: x | DU30: x | DV30: x | DW30: x | DX30: JAN 10 kezdés
A31: Fehér Róbert | B31: 22 | C31: 4 | D31: =COUNTIF(F31:DW31,"x") -> 20 | E31: =C31-D31 -> -16 | AT31: x | AU31: x | AV31: x | AW31: x | AX31: x | AY31: x | AZ31: x | BA31: x | BB31: x | BC31: x | BD31: x | BE31: x | BF31: x | BG31: x | DO31: x | DS31: x | DT31: x | DU31: x | DV31: x | DW31: x | DX31: JAN 10 kezdés
A32: Fenyvesi Zsolt | B32: 30 | C32: 0 | D32: =COUNTIF(F32:DW32,"x") -> 1 | E32: =C32-D32 -> -1 | BE32: x | DX32: 2 ünnep között ki, Jan 1-12-ig szabi, 12-én reggel tud indulni
A33: Fodor Károly | B33: 30 | C33: 17 | D33: =COUNTIF(F33:DW33,"x") -> 5 | E33: =C33-D33 -> 12 | DS33: x | DT33: x | DU33: x | DV33: x | DW33: x | DX33: JAN 5- indulás, ha nincs munka akkor JAN 10
A34: Fodor Zsolt | B34: 30 | C34: 2 | D34: =COUNTIF(F34:DW34,"x") -> 5 | E34: =C34-D34 -> -3 | DS34: x | DT34: x | DU34: x | DV34: x | DW34: x | DX34: DEC 21-én lejár a jogsija, indulást egyeztetni
A35: Gárdonyi Tibor Zsolt | B35: 30 | C35: 2 | D35: =COUNTIF(F35:DW35,"x") -> 0 | E35: =C35-D35 -> 2
A36: Gerstmayer Zoltán | B36: 30 | C36: 4 | D36: =COUNTIF(F36:DW36,"x") -> 6 | E36: =C36-D36 -> -2 | CT36: x | DS36: x | DT36: x | DU36: x | DV36: x | DW36: x | DX36: JAN 3- indulás
A37: Gérus Elemér | B37: 35 | C37: 21 | D37: =COUNTIF(F37:DW37,"x") -> 0 | E37: =C37-D37 -> 21
A38: Giber Zoltán | B38: 34 | C38: 7 | D38: =COUNTIF(F38:DW38,"x") -> 7 | E38: =C38-D38 -> 0 | DN38: x | DO38: x | DS38: x | DT38: x | DU38: x | DV38: x | DW38: x | DX38: Ha kell akkor 31-én tud indulni
A39: Glázer János | B39: 31 | C39: 17 | D39: =COUNTIF(F39:DW39,"x") -> 7 | E39: =C39-D39 -> 10 | AM39: x | AN39: x | CK39: x | DT39: x | DU39: x | DV39: x | DW39: x | DX39: JAN 2- indulás
A40: Gonda Gergő | B40: 26 | C40: 19 | D40: =COUNTIF(F40:DW40,"x") -> 5 | E40: =C40-D40 -> 14 | DS40: x | DT40: x | DU40: x | DV40: x | DW40: x
A41: Gonda Róbert | B41: 30 | C41: 22 | D41: =COUNTIF(F41:DW41,"x") -> 12 | E41: =C41-D41 -> 10 | BS41: x | BV41: x | BW41: x | DL41: x | DM41: x | DN41: x | DO41: x | DS41: x | DT41: x | DU41: x | DV41: x | DW41: x | DX41: Amint lehet indulna Januárban
A42: Hallók Gábor | B42: 30 | C42: 18 | D42: =COUNTIF(F42:DW42,"x") -> 6 | E42: =C42-D42 -> 12 | F42: x | DS42: x | DT42: x | DU42: x | DV42: x | DW42: x | DX42: JAN 3- indulás
A43: Hamecz Zsolt | B43: 30 | C43: 28 | D43: =COUNTIF(F43:DW43,"x") -> 21 | E43: =C43-D43 -> 7 | BH43: x | BI43: x | BJ43: x | BK43: x | BL43: x | CQ43: x | CX43: x | CY43: x | CZ43: x | DA43: x | DB43: x | DC43: x | DL43: x | DM43: x | DN43: x | DO43: x | DS43: x | DT43: x | DU43: x | DV43: x | DW43: x | DX43: JAN 3 indulás
A44: Hamecz Zsoltné | B44: 28 | C44: 26 | D44: =COUNTIF(F44:DW44,"x") -> 21 | E44: =C44-D44 -> 5 | BH44: x | BI44: x | BJ44: x | BK44: x | BL44: x | CQ44: x | CX44: x | CY44: x | CZ44: x | DA44: x | DB44: x | DC44: x | DL44: x | DM44: x | DN44: x | DO44: x | DS44: x | DT44: x | DU44: x | DV44: x | DW44: x | DX44: JAN 3 indulás
A45: Hangyál Gábor | B45: 31 | C45: 8 | D45: =COUNTIF(F45:DW45,"x") -> 0 | E45: =C45-D45 -> 8
A46: Hanzi György Lehel | B46: 27 | C46: 4 | D46: =COUNTIF(F46:DW46,"x") -> 8 | E46: =C46-D46 -> -4 | CN46: x | DN46: x | DO46: x | DS46: x | DT46: x | DU46: x | DV46: x | DW46: x | DX46: JAN 4- indulás
A47: Heizer Zsolt | B47: 30 | C47: 15 | D47: =COUNTIF(F47:DW47,"x") -> 7 | E47: =C47-D47 -> 8 | BD47: x | BE47: x | DS47: x | DT47: x | DU47: x | DV47: x | DW47: x | DX47: JAN 2- indulás
A48: Hemmerlein Zoltán | B48: 30 | C48: 14 | D48: =COUNTIF(F48:DW48,"x") -> 3 | E48: =C48-D48 -> 11 | F48: x | DA48: x | DB48: x | DX48: Dec 22-23 ig tudnak menni, dec 27-én mennének még egy kanyart, utána Jan 4 kezdés
A49: Hideg Attila | B49: 30 | C49: 5 | D49: =COUNTIF(F49:DW49,"x") -> 13 | E49: =C49-D49 -> -8 | F49: x | CC49: x | CD49: x | CE49: x | CF49: x | CG49: x | CH49: x | CI49: x | DS49: x | DT49: x | DU49: x | DV49: x | DW49: x | DX49: JAN 2-3- indulás
A50: Hollósi László Lajos | B50: 30 | C50: 24 | D50: =COUNTIF(F50:DW50,"x") -> 14 | E50: =C50-D50 -> 10 | BH50: x | BI50: x | BJ50: x | DH50: x | DI50: x | DL50: x | DM50: x | DN50: x | DO50: x | DS50: x | DT50: x | DU50: x | DV50: x | DW50: x
A51: Hornyák József Árpád | B51: 31 | C51: 23 | D51: =COUNTIF(F51:DW51,"x") -> 1 | E51: =C51-D51 -> 22 | F51: x
A52: Horváth Ferenc | B52: 30 | C52: 15 | D52: =COUNTIF(F52:DW52,"x") -> 12 | E52: =C52-D52 -> 3 | AV52: x | AW52: x | AX52: x | AY52: x | AZ52: x | DN52: x | DO52: x | DS52: x | DT52: x | DU52: x | DV52: x | DW52: x | DX52: JAN 4- indulás
A53: Horváth István | B53: 30 | C53: 21 | D53: =COUNTIF(F53:DW53,"x") -> 4 | E53: =C53-D53 -> 17 | DL53: x | DM53: x | DN53: x | DO53: x | DX53: DOLGOZNA AZ ÜNNEPEK KÖZÖTT
A54: Hrasztics Tamás | B54: 30 | C54: 4 | D54: =COUNTIF(F54:DW54,"x") -> 9 | E54: =C54-D54 -> -5 | DL54: X | DM54: X | DN54: X | DO54: X | DS54: X | DT54: X | DU54: X | DV54: X | DW54: X | DX54: JAN 3- indulás
A55: ID. Szakács István | B55: 22 | C55: 10 | D55: =COUNTIF(F55:DW55,"x") -> 13 | E55: =C55-D55 -> -3 | F55: x | BQ55: x | BR55: x | CJ55: x | DL55: x | DM55: x | DN55: x | DO55: x | DS55: x | DT55: x | DU55: x | DV55: x | DW55: x | DX55: JAN 3- indulás
A56: Iklódi Sándor | B56: 30 | C56: 10 | D56: =COUNTIF(F56:DW56,"x") -> 12 | E56: =C56-D56 -> -2 | AV56: x | AW56: x | AX56: x | DL56: x | DM56: x | DN56: x | DO56: x | DS56: x | DT56: x | DU56: x | DV56: x | DW56: x | DX56: JAN 2- indulás
A57: Iván Árpád Krisztián | B57: 34 | C57: 13 | D57: =COUNTIF(F57:DW57,"x") -> 12 | E57: =C57-D57 -> 1 | DG57: x | DH57: x | DI57: x | DL57: x | DM57: x | DN57: x | DO57: x | DS57: x | DT57: x | DU57: x | DV57: x | DW57: x | DX57: JAN 2- indulás
A58: Izsáki László | B58: 30 | C58: 9 | D58: =COUNTIF(F58:DW58,"x") -> 9 | E58: =C58-D58 -> 0 | DL58: x | DM58: x | DN58: x | DO58: x | DS58: x | DT58: x | DU58: x | DV58: x | DW58: x | DX58: Jan 3-4 indulnak ahogy lesz munka
A59: Jakab Géza | B59: 30 | C59: 5 | D59: =COUNTIF(F59:DW59,"x") -> 10 | E59: =C59-D59 -> -5 | F59: x | AI59: x | AJ59: x | AK59: x | AL59: x | DS59: x | DT59: x | DU59: x | DV59: x | DW59: x | DX59: JAN 3- indulás
A60: Jaksi János | B60: 30 | C60: 12 | D60: =COUNTIF(F60:DW60,"x") -> 0 | E60: =C60-D60 -> 12
A61: Kálmán János | B61: 26 | C61: 23 | D61: =COUNTIF(F61:DW61,"x") -> 9 | E61: =C61-D61 -> 14 | F61: x | CG61: x | DN61: x | DO61: x | DS61: x | DT61: x | DU61: x | DV61: x | DW61: x | DX61: JAN 5- indulás
A62: Kálóczi Péter | B62: 24 | C62: 3 | D62: =COUNTIF(F62:DW62,"x") -> 0 | E62: =C62-D62 -> 3 | DX62: DOLGOZNA AZ ÜNNEPEK KÖZÖTT
A63: Kántor Sándor | B63: 30 | C63: 14 | D63: =COUNTIF(F63:DW63,"x") -> 0 | E63: =C63-D63 -> 14 | DL63: Helyből vissza | DX63: ha van dán karácsonykor azt vinné, de szilveszterkor itthon lenne( ha 2 dán lesz szilveszterre akkor 2.-at elviszi). Jan 7 indulás
A64: Kata József | B64: 30 | C64: 15 | D64: =COUNTIF(F64:DW64,"x") -> 10 | E64: =C64-D64 -> 5 | F64: x | DL64: x | DM64: x | DN64: x | DO64: x | DS64: x | DT64: x | DU64: x | DV64: x | DW64: x | DX64: JAN 3- indulás
A65: Katona Gábor | B65: 31 | C65: 16 | D65: =COUNTIF(F65:DW65,"x") -> 10 | E65: =C65-D65 -> 6 | DI65: x | DL65: x | DM65: x | DN65: x | DO65: x | DS65: x | DT65: x | DU65: x | DV65: x | DW65: x | DX65: JAN 2- indulás
A66: Kern Károly János | B66: 30 | C66: 12 | D66: =COUNTIF(F66:DW66,"x") -> 6 | E66: =C66-D66 -> 6 | DB66: 11:30 orvoshoz | DO66: x | DS66: x | DT66: x | DU66: x | DV66: x | DW66: x | DX66: Jan 3 indulás, ha kell 2 ünnep között ki tud menni, és akkor Januárra írok neki még szabit
A67: Keszég Zsolt | B67: 30 | C67: 26 | D67: =COUNTIF(F67:DW67,"x") -> 0 | E67: =C67-D67 -> 26
A68: Kiss Sándor | B68: 30 | C68: 14 | D68: =COUNTIF(F68:DW68,"x") -> 9 | E68: =C68-D68 -> 5 | DL68: x | DM68: x | DN68: x | DO68: x | DS68: x | DT68: x | DU68: x | DV68: x | DW68: x | DX68: JAN 2-3- indulás
A69: Konkoly Vilmos | B69: 32 | C69: 16 | D69: =COUNTIF(F69:DW69,"x") -> 10 | E69: =C69-D69 -> 6 | CG69: x | DL69: x | DM69: x | DN69: x | DO69: x | DS69: x | DT69: x | DU69: x | DV69: x | DW69: x | DX69: JAN 2-3-4 tud kezdeni
A70: Kovács Ferenc | B70: 33 | C70: 19 | D70: =COUNTIF(F70:DW70,"x") -> 2 | E70: =C70-D70 -> 17 | CX70: x | CY70: x | DX70: Ha kell a 2 ünnep között ki tud menni, de Dec 31-re érjen haza, Jan 2 tud indulni
A71: Kovács Márton Péter | B71: 11 | C71: 11 | D71: =COUNTIF(F71:DW71,"x") -> 7 | E71: =C71-D71 -> 4 | AO71: x | AQ71: x | DS71: x | DT71: x | DU71: x | DV71: x | DW71: x | DX71: JAN 3- indulás
A72: Kozma Gergely | B72: 34 | C72: 18 | D72: =COUNTIF(F72:DW72,"x") -> 14 | E72: =C72-D72 -> 4 | DJ72: x | DK72: x | DL72: x | DM72: x | DN72: x | DO72: x | DP72: x | DQ72: x | DR72: x | DS72: x | DT72: x | DU72: x | DV72: x | DW72: x | DX72: JAN 2- indulás
A73: Kozma István | B73: 24 | C73: 14 | D73: =COUNTIF(F73:DW73,"x") -> 11 | E73: =C73-D73 -> 3 | BM73: x | BN73: x | DJ73: x | DK73: x | DQ73: x | DR73: x | DS73: x | DT73: x | DU73: x | DV73: x | DW73: x | DX73: jan 5. este az indulás
A74: Krisker Norbert Péter | B74: 11 | C74: 2 | D74: =COUNTIF(F74:DW74,"x") -> 0 | E74: =C74-D74 -> 2
A75: Krupánszky Márk | B75: 31 | C75: 13 | D75: =COUNTIF(F75:DW75,"x") -> 0 | E75: =C75-D75 -> 13
A76: Kurali Zoltán | B76: 30 | C76: 7 | D76: =COUNTIF(F76:DW76,"x") -> 6 | E76: =C76-D76 -> 1 | DO76: x | DS76: x | DT76: x | DU76: x | DV76: x | DW76: x | DX76: Januári indulást egyeztetni
A77: Lajkó Zsolt | B77: 30 | C77: 12 | D77: =COUNTIF(F77:DW77,"x") -> 6 | E77: =C77-D77 -> 6 | AQ77: x | AT77: x | DL77: x | DM77: x | DN77: x | DO77: x | DX77: Jan 3 indulás, ha kell 2 ünnep között ki tud menni, és akkor Januárra írok neki még szabit
A78: Lakatos Róbert | B78: 30 | C78: 12 | D78: =COUNTIF(F78:DW78,"x") -> 1 | E78: =C78-D78 -> 11 | DI78: ADR | DO78: x | DX78: dec 22 estére érjen haza, 2 ünnep között ki tud menni, akár a szilveszter is
A79: Lánczi Renáta | B79: 30 | C79: 6 | D79: =COUNTIF(F79:DW79,"x") -> 3 | E79: =C79-D79 -> 3 | F79: x | BD79: x | BE79: x | DX79: Dec 22-23 ig tudnak menni, dec 27-én mennének még egy kanyart, utána Jan 4 kezdés
A80: Laskai András László | B80: 30 | C80: 13 | D80: =COUNTIF(F80:DW80,"x") -> 5 | E80: =C80-D80 -> 8 | DS80: x | DT80: x | DU80: x | DV80: x | DW80: x | DX80: JAN 2-3 indulás
A81: László Lajos | B81: 30 | C81: 16 | D81: =COUNTIF(F81:DW81,"x") -> 5 | E81: =C81-D81 -> 11 | DS81: x | DT81: x | DU81: x | DV81: x | DW81: x | DX81: JAN 2- indulás
A82: Lázár Gábor | B82: 24 | C82: 16 | D82: =COUNTIF(F82:DW82,"x") -> 11 | E82: =C82-D82 -> 5 | CJ82: hétfő este | DC82: x | DI82: x | DL82: x | DM82: x | DN82: x | DO82: x | DS82: x | DT82: x | DU82: x | DV82: x | DW82: x | DX82: JAN 2- indulás
A83: Léhner Zsolt | B83: 22 | C83: 13 | D83: =COUNTIF(F83:DW83,"x") -> 6 | E83: =C83-D83 -> 7 | DO83: x | DS83: x | DT83: x | DU83: x | DV83: x | DW83: x | DX83: JAN 3- indulás
A84: Leskó Zoltán | B84: 34 | C84: 4 | D84: =COUNTIF(F84:DW84,"x") -> 0 | E84: =C84-D84 -> 4 | DX84: Az ünnepek között fordulna egyet, januári indulást még egyeztetjük
A85: Létai Ferenc Imre | B85: 30 | C85: 8 | D85: =COUNTIF(F85:DW85,"x") -> 8 | E85: =C85-D85 -> 0 | DN85: x | DO85: x | DR85: x | DS85: x | DT85: x | DU85: x | DV85: x | DW85: x | DX85: 10-JAN kezdés
A86: Létai Ferenc Imréné | B86: 29 | C86: 3 | D86: =COUNTIF(F86:DW86,"x") -> 8 | E86: =C86-D86 -> -5 | DN86: x | DO86: x | DR86: x | DS86: x | DT86: x | DU86: x | DV86: x | DW86: x | DX86: 10-JAN kezdés
A87: Lévai Béla | B87: 17 | C87: 10 | D87: =COUNTIF(F87:DW87,"x") -> 10 | E87: =C87-D87 -> 0 | DL87: x | DM87: x | DN87: x | DO87: x | DR87: x | DS87: x | DT87: x | DU87: x | DV87: x | DW87: x | DX87: JAN 5-ig
A88: Lipták Lajos | B88: 30 | C88: 7 | D88: =COUNTIF(F88:DW88,"x") -> 7 | E88: =C88-D88 -> 0 | BR88: x | BY88: x | CF88: x | CM88: x | CY88: x | CZ88: x | DA88: x | DX88: Ünnepek között ki, utána Jan-7 indulás
A89: Máté Péter Szilárd | B89: 29 | C89: 16 | D89: =COUNTIF(F89:DW89,"x") -> 7 | E89: =C89-D89 -> 9 | DN89: x | DO89: x | DS89: x | DT89: x | DU89: x | DV89: x | DW89: x | DX89: JAN 3-4- indulás
A90: Máté Zoltán | B90: 29 | C90: 15 | D90: =COUNTIF(F90:DW90,"x") -> 0 | E90: =C90-D90 -> 15
A91: Meilinger Ádám | B91: 24 | C91: 13 | D91: =COUNTIF(F91:DW91,"x") -> 10 | E91: =C91-D91 -> 3 | F91: x | AH91: x | AX91: x | DN91: x | DO91: x | DS91: x | DT91: x | DU91: x | DV91: x | DW91: x | DX91: JAN 3- indulás
A92: Mezei Zsolt | B92: 32 | C92: 10 | D92: =COUNTIF(F92:DW92,"x") -> 0 | E92: =C92-D92 -> 10
A93: Molárovits Zoltán Edvin | B93: 29 | C93: 14 | D93: =COUNTIF(F93:DW93,"x") -> 0 | E93: =C93-D93 -> 14 | DX93: 27-én kitud menni , a fennmaradó 2 szabit nem szeretné kivenni, hó közbe megpróbáljuk kiírni
A94: Molnár Balázs | B94: 30 | C94: 8 | D94: =COUNTIF(F94:DW94,"x") -> 0 | E94: =C94-D94 -> 8
A95: Molnár Imre | B95: 11 | C95: 11 | D95: =COUNTIF(F95:DW95,"x") -> 0 | E95: =C95-D95 -> 11
A96: Musicz Miklós | B96: 30 | C96: 13 | D96: =COUNTIF(F96:DW96,"x") -> 13 | E96: =C96-D96 -> 0 | F96: x | G96: x | H96: x | I96: x | DL96: x | DM96: x | DN96: x | DO96: x | DS96: x | DT96: x | DU96: x | DV96: x | DW96: x | DX96: JAN 6 után indulna
A97: Nagy Attila Gyula | B97: 23 | C97: 13 | D97: =COUNTIF(F97:DW97,"x") -> 0 | E97: =C97-D97 -> 13
A98: Nagy György | B98: 36 | C98: 15 | D98: =COUNTIF(F98:DW98,"x") -> 11 | E98: =C98-D98 -> 4 | BK98: x | BL98: x | DB98: Sofőr kártyát csináltat | DL98: x | DM98: x | DN98: x | DO98: x | DS98: x | DT98: x | DU98: x | DV98: x | DW98: x | DX98: JAN 2- indulás
A99: Nagy László | B99: 29 | C99: 3 | D99: =COUNTIF(F99:DW99,"x") -> 9 | E99: =C99-D99 -> -6 | DL99: x | DM99: x | DN99: x | DO99: x | DS99: x | DT99: x | DU99: x | DV99: x | DW99: x
A100: Nagy Szabina | B100: 25 | C100: 21 | D100: =COUNTIF(F100:DW100,"x") -> 11 | E100: =C100-D100 -> 10 | F100: x | CG100: x | CM100: x | CN100: x | DN100: x | DO100: x | DS100: x | DT100: x | DU100: x | DV100: x | DW100: x | DX100: JAN 5- indulás
...

Sheet ÉVVÉGE 2021
A1: Név | B1: Összes kivehető Szabadság | C1: Még felhasználható szabadság (augusztus végi állapot alapján) | D1: Szept 1-től igénybe vett | E1: Marad | F1: 13.dec | G1: 14.dec | H1: 15.dec | I1: 16.dec | J1: 17.dec | K1: 18.dec | L1: 19.dec | M1: 20.dec | N1: 21.dec | O1: 22.dec | P1: 23.dec | Q1: 24.dec | R1: 25.dec | S1: 26.dec | T1: 27.dec | U1: 28.dec | V1: 29.dec | W1: 30.dec | X1: 31.dec
A2: Adamek István | B2: 30 | C2: 11 | D2: =COUNTIF(F2:DW2,"x") -> 14 | E2: =C2-D2 -> -3 | K2: x | L2: x | M2: x | N2: x | O2: x | P2: x | Q2: x | R2: x | S2: x | T2: x | U2: x | V2: x | W2: x | X2: x | Y2: JAN 2- indulás
A3: Árvai József | B3: 33 | C3: 10 | D3: =COUNTIF(F3:DW3,"x") -> 3 | E3: =C3-D3 -> 7 | V3: x | W3: x | X3: x | Y3: 27-28 DSV, Jan 2 kezdés
A4: Bagi Lajos | B4: 30 | C4: 14 | D4: =COUNTIF(F4:DW4,"x") -> 9 | E4: =C4-D4 -> 5 | M4: x | N4: x | O4: x | P4: x | T4: x | U4: x | V4: x | W4: x | X4: x | Y4: Indulnak amikor kell
A5: Bagi Márió Lajos | B5: 22 | C5: 9 | D5: =COUNTIF(F5:DW5,"x") -> 9 | E5: =C5-D5 -> 0 | M5: x | N5: x | O5: x | P5: x | T5: x | U5: x | V5: x | W5: x | X5: x | Y5: Indulnak amikor kell
A6: Bak László | B6: 30 | C6: 14 | D6: =COUNTIF(F6:DW6,"x") -> 9 | E6: =C6-D6 -> 5 | M6: x | N6: x | O6: x | P6: x | T6: x | U6: x | V6: x | W6: x | X6: x | Y6: Jan 3-4 indulnak ahogy lesz munka
A7: Bakán Tibor | B7: 30 | C7: 6 | D7: =COUNTIF(F7:DW7,"x") -> 5 | E7: =C7-D7 -> 1 | T7: x | U7: x | V7: x | W7: x | X7: x | Y7: JAN 2- indulás
A8: Balázs István | B8: 31 | C8: 21 | D8: =COUNTIF(F8:DW8,"x") -> 10 | E8: =C8-D8 -> 11 | J8: x | M8: x | N8: x | O8: x | P8: x | T8: x | U8: x | V8: x | W8: x | X8: x | Y8: JAN 2- indulás
A9: Balázs Tibor | B9: 30 | C9: 15 | D9: =COUNTIF(F9:DW9,"x") -> 5 | E9: =C9-D9 -> 10 | T9: x | U9: x | V9: x | W9: x | X9: x | Y9: JAN 2- indulás
A10: Bálint László | B10: 24 | C10: 6 | D10: =COUNTIF(F10:DW10,"x") -> 5 | E10: =C10-D10 -> 1 | T10: x | U10: x | V10: x | W10: x | X10: x | Y10: JAN 5- indulás
A11: Beke Zsolt | B11: 34 | C11: 15 | D11: =COUNTIF(F11:DW11,"x") -> 0 | E11: =C11-D11 -> 15
A12: Csák László | B12: 30 | C12: 18 | D12: =COUNTIF(F12:DW12,"x") -> 7 | E12: =C12-D12 -> 11 | O12: x | P12: x | T12: x | U12: x | V12: x | W12: x | X12: x | Y12: JAN 3-4- indulás
A13: Cselényi József | B13: 31 | C13: 20 | D13: =COUNTIF(F13:DW13,"x") -> 0 | E13: =C13-D13 -> 20
A14: Csicsai Gábor | B14: 30 | C14: 11 | D14: =COUNTIF(F14:DW14,"x") -> 9 | E14: =C14-D14 -> 2 | M14: x | N14: x | O14: x | P14: x | T14: x | U14: x | V14: x | W14: x | X14: x | Y14: JAN 2- indulás
A15: Dalanics Zsolt | B15: 30 | C15: 21 | D15: =COUNTIF(F15:DW15,"x") -> 7 | E15: =C15-D15 -> 14 | O15: x | P15: x | T15: x | U15: x | V15: x | W15: x | X15: x | Y15: JAN 2- indulás
A16: Dallos Zoltán János | B16: 30 | C16: 7 | D16: =COUNTIF(F16:DW16,"x") -> 6 | E16: =C16-D16 -> 1 | P16: x | T16: x | U16: x | V16: x | W16: x | X16: x | Y16: 3-JAN indulás
A17: Dénes Gábor | B17: 22 | C17: 6 | D17: =COUNTIF(F17:DW17,"x") -> 9 | E17: =C17-D17 -> -3 | M17: x | N17: x | O17: x | P17: x | T17: x | U17: x | V17: x | W17: x | X17: x | Y17: JAN 5- indulás
A18: Desics László | B18: 30 | C18: 3 | D18: =COUNTIF(F18:DW18,"x") -> 0 | E18: =C18-D18 -> 3
A19: Drozd Péter | B19: 30 | C19: 2 | D19: =COUNTIF(F19:DW19,"x") -> 5 | E19: =C19-D19 -> -3 | T19: x | U19: x | V19: x | W19: x | X19: x | Y19: JAN 4- este indulna,
A20: Eipl András | B20: 32 | C20: 23 | D20: =COUNTIF(F20:DW20,"x") -> 0 | E20: =C20-D20 -> 23
A21: Éliás Attila | B21: 32 | C21: 14 | D21: =COUNTIF(F21:DW21,"x") -> 6 | E21: =C21-D21 -> 8 | F21: x | T21: x | U21: x | V21: x | W21: x | X21: x | Y21: JAN 5- indulás
A22: Ércz József | B22: 32 | C22: 4 | D22: =COUNTIF(F22:DW22,"x") -> 5 | E22: =C22-D22 -> -1 | T22: x | U22: x | V22: x | W22: x | X22: x | Y22: JAN 3 belföld, JAN 4 indulás
A23: Falusi Ferenc Sándor | B23: 30 | C23: 6 | D23: =COUNTIF(F23:DW23,"x") -> 5 | E23: =C23-D23 -> 1 | T23: x | U23: x | V23: x | W23: x | X23: x | Y23: JAN 4- indulás
A24: Farkas Attila | B24: 30 | C24: 18 | D24: =COUNTIF(F24:DW24,"x") -> 0 | E24: =C24-D24 -> 18
A25: Farkas Bálint | B25: 8 | C25: 5 | D25: =COUNTIF(F25:DW25,"x") -> 0 | E25: =C25-D25 -> 5
A26: Farkas Rudolf Attila | B26: 30 | C26: 4 | D26: =COUNTIF(F26:DW26,"x") -> 8 | E26: =C26-D26 -> -4 | P26: x | R26: x | S26: x | T26: x | U26: x | V26: x | W26: x | X26: x | Y26: JAN 3- indulás
A27: Fehér Imre | B27: 30 | C27: 12 | D27: =COUNTIF(F27:DW27,"x") -> 6 | E27: =C27-D27 -> 6 | P27: x | T27: x | U27: x | V27: x | W27: x | X27: x | Y27: JAN 10 kezdés
A28: Fehér Róbert | B28: 22 | C28: 4 | D28: =COUNTIF(F28:DW28,"x") -> 6 | E28: =C28-D28 -> -2 | P28: x | T28: x | U28: x | V28: x | W28: x | X28: x | Y28: JAN 10 kezdés
A29: Fenyvesi Zsolt | B29: 30 | C29: 0 | D29: =COUNTIF(F29:DW29,"x") -> 0 | E29: =C29-D29 -> 0 | Y29: 2 ünnep között ki, Jan 1-12-ig szabi, 12-én reggel tud indulni
A30: Fodor Károly | B30: 30 | C30: 17 | D30: =COUNTIF(F30:DW30,"x") -> 5 | E30: =C30-D30 -> 12 | T30: x | U30: x | V30: x | W30: x | X30: x | Y30: JAN 5- indulás, ha nincs munka akkor JAN 10
A31: Fodor Zsolt | B31: 30 | C31: 2 | D31: =COUNTIF(F31:DW31,"x") -> 5 | E31: =C31-D31 -> -3 | T31: x | U31: x | V31: x | W31: x | X31: x | Y31: DEC 21-én lejár a jogsija, indulást egyeztetni
A32: Gárdonyi Tibor Zsolt | B32: 30 | C32: 2 | D32: =COUNTIF(F32:DW32,"x") -> 0 | E32: =C32-D32 -> 2
A33: Gerstmayer Zoltán | B33: 30 | C33: 4 | D33: =COUNTIF(F33:DW33,"x") -> 5 | E33: =C33-D33 -> -1 | T33: x | U33: x | V33: x | W33: x | X33: x | Y33: JAN 3- indulás
A34: Gérus Elemér | B34: 35 | C34: 21 | D34: =COUNTIF(F34:DW34,"x") -> 0 | E34: =C34-D34 -> 21
A35: Giber Zoltán | B35: 34 | C35: 7 | D35: =COUNTIF(F35:DW35,"x") -> 7 | E35: =C35-D35 -> 0 | O35: x | P35: x | T35: x | U35: x | V35: x | W35: x | X35: x | Y35: Ha kell akkor 31-én tud indulni
A36: Glázer János | B36: 31 | C36: 17 | D36: =COUNTIF(F36:DW36,"x") -> 4 | E36: =C36-D36 -> 13 | U36: x | V36: x | W36: x | X36: x | Y36: JAN 2- indulás
A37: Gonda Gergő | B37: 26 | C37: 19 | D37: =COUNTIF(F37:DW37,"x") -> 5 | E37: =C37-D37 -> 14 | T37: x | U37: x | V37: x | W37: x | X37: x
A38: Gonda Róbert | B38: 30 | C38: 22 | D38: =COUNTIF(F38:DW38,"x") -> 9 | E38: =C38-D38 -> 13 | M38: x | N38: x | O38: x | P38: x | T38: x | U38: x | V38: x | W38: x | X38: x | Y38: Amint lehet indulna Januárban
A39: Hallók Gábor | B39: 30 | C39: 18 | D39: =COUNTIF(F39:DW39,"x") -> 5 | E39: =C39-D39 -> 13 | T39: x | U39: x | V39: x | W39: x | X39: x | Y39: JAN 3- indulás
A40: Hamecz Zsolt | B40: 30 | C40: 28 | D40: =COUNTIF(F40:DW40,"x") -> 9 | E40: =C40-D40 -> 19 | M40: x | N40: x | O40: x | P40: x | T40: x | U40: x | V40: x | W40: x | X40: x | Y40: JAN 3 indulás
A41: Hamecz Zsoltné | B41: 28 | C41: 26 | D41: =COUNTIF(F41:DW41,"x") -> 9 | E41: =C41-D41 -> 17 | M41: x | N41: x | O41: x | P41: x | T41: x | U41: x | V41: x | W41: x | X41: x | Y41: JAN 3 indulás
A42: Hangyál Gábor | B42: 31 | C42: 8 | D42: =COUNTIF(F42:DW42,"x") -> 0 | E42: =C42-D42 -> 8
A43: Hanzi György Lehel | B43: 27 | C43: 4 | D43: =COUNTIF(F43:DW43,"x") -> 7 | E43: =C43-D43 -> -3 | O43: x | P43: x | T43: x | U43: x | V43: x | W43: x | X43: x | Y43: JAN 4- indulás
A44: Heizer Zsolt | B44: 30 | C44: 15 | D44: =COUNTIF(F44:DW44,"x") -> 5 | E44: =C44-D44 -> 10 | T44: x | U44: x | V44: x | W44: x | X44: x | Y44: JAN 2- indulás
A45: Hemmerlein Zoltán | B45: 30 | C45: 14 | D45: =COUNTIF(F45:DW45,"x") -> 0 | E45: =C45-D45 -> 14 | Y45: Dec 22-23 ig tudnak menni, dec 27-én mennének még egy kanyart, utána Jan 4 kezdés
A46: Hideg Attila | B46: 30 | C46: 5 | D46: =COUNTIF(F46:DW46,"x") -> 5 | E46: =C46-D46 -> 0 | T46: x | U46: x | V46: x | W46: x | X46: x | Y46: JAN 2-3- indulás
A47: Hollósi László Lajos | B47: 30 | C47: 24 | D47: =COUNTIF(F47:DW47,"x") -> 9 | E47: =C47-D47 -> 15 | M47: x | N47: x | O47: x | P47: x | T47: x | U47: x | V47: x | W47: x | X47: x
A48: Horváth Ferenc | B48: 30 | C48: 15 | D48: =COUNTIF(F48:DW48,"x") -> 7 | E48: =C48-D48 -> 8 | F48: B | G48: B | H48: B | I48: B | J48: B | M48: B | O48: x | P48: x | T48: x | U48: x | V48: x | W48: x | X48: x | Y48: JAN 4- indulás
A49: Horváth István | B49: 30 | C49: 21 | D49: =COUNTIF(F49:DW49,"x") -> 4 | E49: =C49-D49 -> 17 | M49: x | N49: x | O49: x | P49: x | Y49: DOLGOZNA AZ ÜNNEPEK KÖZÖTT
A50: Hrasztics Tamás | B50: 30 | C50: 4 | D50: =COUNTIF(F50:DW50,"x") -> 9 | E50: =C50-D50 -> -5 | M50: X | N50: X | O50: X | P50: X | T50: X | U50: X | V50: X | W50: X | X50: X | Y50: JAN 3- indulás
A51: Iklódi Sándor | B51: 30 | C51: 10 | D51: =COUNTIF(F51:DW51,"x") -> 9 | E51: =C51-D51 -> 1 | M51: x | N51: x | O51: x | P51: x | T51: x | U51: x | V51: x | W51: x | X51: x | Y51: JAN 2- indulás
A52: Iván Árpád Krisztián | B52: 34 | C52: 13 | D52: =COUNTIF(F52:DW52,"x") -> 12 | E52: =C52-D52 -> 1 | H52: x | I52: x | J52: x | M52: x | N52: x | O52: x | P52: x | T52: x | U52: x | V52: x | W52: x | X52: x | Y52: JAN 2- indulás
A53: Izsáki László | B53: 30 | C53: 9 | D53: =COUNTIF(F53:DW53,"x") -> 9 | E53: =C53-D53 -> 0 | F53: B | G53: B | H53: B | I53: B | J53: B | M53: x | N53: x | O53: x | P53: x | T53: x | U53: x | V53: x | W53: x | X53: x | Y53: Jan 3-4 indulnak ahogy lesz munka
A54: Jakab Géza | B54: 30 | C54: 5 | D54: =COUNTIF(F54:DW54,"x") -> 5 | E54: =C54-D54 -> 0 | T54: x | U54: x | V54: x | W54: x | X54: x | Y54: JAN 3- indulás
A55: Jaksi János | B55: 30 | C55: 12 | D55: =COUNTIF(F55:DW55,"x") -> 0 | E55: =C55-D55 -> 12
A56: Kálmán János | B56: 26 | C56: 23 | D56: =COUNTIF(F56:DW56,"x") -> 7 | E56: =C56-D56 -> 16 | O56: x | P56: x | T56: x | U56: x | V56: x | W56: x | X56: x | Y56: JAN 5- indulás
A57: Kálóczi Péter | B57: 24 | C57: 3 | D57: =COUNTIF(F57:DW57,"x") -> 0 | E57: =C57-D57 -> 3 | Y57: DOLGOZNA AZ ÜNNEPEK KÖZÖTT
A58: Kántor Sándor | B58: 30 | C58: 14 | D58: =COUNTIF(F58:DW58,"x") -> 0 | E58: =C58-D58 -> 14 | M58: Helyből vissza | Y58: ha van dán karácsonykor azt vinné, de szilveszterkor itthon lenne( ha 2 dán lesz szilveszterre akkor 2.-at elviszi). Jan 7 indulás
A59: Kata József | B59: 30 | C59: 15 | D59: =COUNTIF(F59:DW59,"x") -> 9 | E59: =C59-D59 -> 6 | M59: x | N59: x | O59: x | P59: x | T59: x | U59: x | V59: x | W59: x | X59: x | Y59: JAN 3- indulás
A60: Katona Gábor | B60: 31 | C60: 16 | D60: =COUNTIF(F60:DW60,"x") -> 10 | E60: =C60-D60 -> 6 | J60: x | M60: x | N60: x | O60: x | P60: x | T60: x | U60: x | V60: x | W60: x | X60: x | Y60: JAN 2- indulás
A61: Kern Károly János | B61: 30 | C61: 12 | D61: =COUNTIF(F61:DW61,"x") -> 6 | E61: =C61-D61 -> 6 | P61: x | T61: x | U61: x | V61: x | W61: x | X61: x | Y61: Jan 3 indulás, ha kell 2 ünnep között ki tud menni, és akkor Januárra írok neki még szabit
A62: Keszég Zsolt | B62: 30 | C62: 26 | D62: =COUNTIF(F62:DW62,"x") -> 0 | E62: =C62-D62 -> 26
A63: Kiss Sándor | B63: 30 | C63: 14 | D63: =COUNTIF(F63:DW63,"x") -> 9 | E63: =C63-D63 -> 5 | M63: x | N63: x | O63: x | P63: x | T63: x | U63: x | V63: x | W63: x | X63: x | Y63: JAN 2-3- indulás
A64: Konkoly Vilmos | B64: 32 | C64: 16 | D64: =COUNTIF(F64:DW64,"x") -> 9 | E64: =C64-D64 -> 7 | F64: B | G64: B | H64: B | I64: B | J64: B | M64: x | N64: x | O64: x | P64: x | T64: x | U64: x | V64: x | W64: x | X64: x | Y64: JAN 2-3-4 tud kezdeni
A65: Kovács Ferenc | B65: 33 | C65: 19 | D65: =COUNTIF(F65:DW65,"x") -> 0 | E65: =C65-D65 -> 19 | Y65: Ha kell a 2 ünnep között ki tud menni, de Dec 31-re érjen haza, Jan 2 tud indulni
A66: Kovács Márton Péter | B66: 11 | C66: 11 | D66: =COUNTIF(F66:DW66,"x") -> 5 | E66: =C66-D66 -> 6 | T66: x | U66: x | V66: x | W66: x | X66: x | Y66: JAN 3- indulás
A67: Kozma Gergely | B67: 34 | C67: 18 | D67: =COUNTIF(F67:DW67,"x") -> 14 | E67: =C67-D67 -> 4 | K67: x | L67: x | M67: x | N67: x | O67: x | P67: x | Q67: x | R67: x | S67: x | T67: x | U67: x | V67: x | W67: x | X67: x | Y67: JAN 2- indulás
A68: Kozma István | B68: 24 | C68: 14 | D68: =COUNTIF(F68:DW68,"x") -> 9 | E68: =C68-D68 -> 5 | K68: x | L68: x | R68: x | S68: x | T68: x | U68: x | V68: x | W68: x | X68: x | Y68: jan 5. este az indulás
A69: Krupánszky Márk | B69: 31 | C69: 13 | D69: =COUNTIF(F69:DW69,"x") -> 0 | E69: =C69-D69 -> 13
A70: Kurali Zoltán | B70: 30 | C70: 7 | D70: =COUNTIF(F70:DW70,"x") -> 6 | E70: =C70-D70 -> 1 | P70: x | T70: x | U70: x | V70: x | W70: x | X70: x | Y70: Januári indulást egyeztetni
A71: Lajkó Zsolt | B71: 30 | C71: 12 | D71: =COUNTIF(F71:DW71,"x") -> 4 | E71: =C71-D71 -> 8 | M71: x | N71: x | O71: x | P71: x | Y71: Jan 3 indulás, ha kell 2 ünnep között ki tud menni, és akkor Januárra írok neki még szabit
A72: Lakatos Róbert | B72: 30 | C72: 12 | D72: =COUNTIF(F72:DW72,"x") -> 1 | E72: =C72-D72 -> 11 | J72: ADR | P72: x | Y72: dec 22 estére érjen haza, 2 ünnep között ki tud menni, akár a szilveszter is
A73: Lánczi Renáta | B73: 30 | C73: 6 | D73: =COUNTIF(F73:DW73,"x") -> 0 | E73: =C73-D73 -> 6 | Y73: Dec 22-23 ig tudnak menni, dec 27-én mennének még egy kanyart, utána Jan 4 kezdés
A74: Laskai András László | B74: 30 | C74: 13 | D74: =COUNTIF(F74:DW74,"x") -> 5 | E74: =C74-D74 -> 8 | T74: x | U74: x | V74: x | W74: x | X74: x | Y74: JAN 2-3 indulás
A75: László Lajos | B75: 30 | C75: 16 | D75: =COUNTIF(F75:DW75,"x") -> 5 | E75: =C75-D75 -> 11 | T75: x | U75: x | V75: x | W75: x | X75: x | Y75: JAN 2- indulás
A76: Lázár Gábor | B76: 24 | C76: 16 | D76: =COUNTIF(F76:DW76,"x") -> 10 | E76: =C76-D76 -> 6 | J76: x | M76: x | N76: x | O76: x | P76: x | T76: x | U76: x | V76: x | W76: x | X76: x | Y76: JAN 2- indulás
A77: Léhner Zsolt | B77: 22 | C77: 13 | D77: =COUNTIF(F77:DW77,"x") -> 6 | E77: =C77-D77 -> 7 | P77: x | T77: x | U77: x | V77: x | W77: x | X77: x | Y77: JAN 3- indulás
A78: Leiner Gábor
A79: Leskó Zoltán | B79: 34 | C79: 4 | D79: =COUNTIF(F79:DW79,"x") -> 0 | E79: =C79-D79 -> 4 | Y79: Az ünnepek között fordulna egyet, januári indulást még egyeztetjük
A80: Létai Ferenc Imre | B80: 30 | C80: 8 | D80: =COUNTIF(F80:DW80,"x") -> 8 | E80: =C80-D80 -> 0 | O80: x | P80: x | S80: x | T80: x | U80: x | V80: x | W80: x | X80: x | Y80: 10-JAN kezdés
A81: Létai Ferenc Imréné | B81: 29 | C81: 3 | D81: =COUNTIF(F81:DW81,"x") -> 8 | E81: =C81-D81 -> -5 | O81: x | P81: x | S81: x | T81: x | U81: x | V81: x | W81: x | X81: x | Y81: 10-JAN kezdés
A82: Lévai Béla | B82: 17 | C82: 10 | D82: =COUNTIF(F82:DW82,"x") -> 10 | E82: =C82-D82 -> 0 | M82: x | N82: x | O82: x | P82: x | S82: x | T82: x | U82: x | V82: x | W82: x | X82: x | Y82: JAN 5-ig
A83: Lipták Lajos | B83: 30 | C83: 7 | D83: =COUNTIF(F83:DW83,"x") -> 0 | E83: =C83-D83 -> 7 | Y83: Ünnepek között ki, utána Jan-7 indulás
A84: Máté Péter Szilárd | B84: 29 | C84: 16 | D84: =COUNTIF(F84:DW84,"x") -> 7 | E84: =C84-D84 -> 9 | O84: x | P84: x | T84: x | U84: x | V84: x | W84: x | X84: x | Y84: JAN 3-4- indulás
A85: Meilinger Ádám | B85: 24 | C85: 13 | D85: =COUNTIF(F85:DW85,"x") -> 7 | E85: =C85-D85 -> 6 | O85: x | P85: x | T85: x | U85: x | V85: x | W85: x | X85: x | Y85: JAN 3- indulás
A86: Mezei Zsolt | B86: 32 | C86: 10 | D86: =COUNTIF(F86:DW86,"x") -> 0 | E86: =C86-D86 -> 10
A87: Molárovits Zoltán Edvin | B87: 29 | C87: 14 | D87: =COUNTIF(F87:DW87,"x") -> 0 | E87: =C87-D87 -> 14 | Y87: 27-én kitud menni , a fennmaradó 2 szabit nem szeretné kivenni, hó közbe megpróbáljuk kiírni
A88: Molnár Imre | B88: 11 | C88: 11 | D88: =COUNTIF(F88:DW88,"x") -> 0 | E88: =C88-D88 -> 11 | F88: B | G88: B | H88: B | I88: B | J88: B | M88: B | N88: B | O88: B | P88: B | T88: B | U88: B | V88: B | W88: B | X88: B
A89: Musicz Miklós | B89: 30 | C89: 13 | D89: =COUNTIF(F89:DW89,"x") -> 9 | E89: =C89-D89 -> 4 | M89: x | N89: x | O89: x | P89: x | T89: x | U89: x | V89: x | W89: x | X89: x | Y89: JAN 6 után indulna
A90: Nagy Attila Gyula | B90: 23 | C90: 13 | D90: =COUNTIF(F90:DW90,"x") -> 0 | E90: =C90-D90 -> 13
A91: Nagy György | B91: 36 | C91: 15 | D91: =COUNTIF(F91:DW91,"x") -> 9 | E91: =C91-D91 -> 6 | M91: x | N91: x | O91: x | P91: x | T91: x | U91: x | V91: x | W91: x | X91: x | Y91: JAN 2- indulás
A92: Nagy László | B92: 29 | C92: 3 | D92: =COUNTIF(F92:DW92,"x") -> 9 | E92: =C92-D92 -> -6 | M92: x | N92: x | O92: x | P92: x | T92: x | U92: x | V92: x | W92: x | X92: x
A93: Nagy Szabina | B93: 25 | C93: 21 | D93: =COUNTIF(F93:DW93,"x") -> 7 | E93: =C93-D93 -> 14 | O93: x | P93: x | T93: x | U93: x | V93: x | W93: x | X93: x | Y93: JAN 5- indulás
A94: Nagy Tamás | B94: 30 | C94: 15 | D94: =COUNTIF(F94:DW94,"x") -> 3 | E94: =C94-D94 -> 12 | T94: x | U94: x | V94: x | Y94: Dec 30-án kimenne, januári indulást még egyeztetni
A95: Németh Zsolt | B95: 32 | C95: 14 | D95: =COUNTIF(F95:DW95,"x") -> 9 | E95: =C95-D95 -> 5 | M95: x | N95: x | O95: x | P95: x | T95: x | U95: x | V95: x | W95: x | X95: x | Y95: Jan 3 indulás, ha kell akor belföld, és másnap ki
A96: Nyiri Attila | B96: 14 | C96: 14 | D96: =COUNTIF(F96:DW96,"x") -> 9 | E96: =C96-D96 -> 5 | M96: x | N96: x | O96: x | P96: x | T96: x | U96: x | V96: x | W96: x | X96: x | Y96: JAN 3- indulás
A97: Orisek Tamás | B97: 20 | C97: 15 | D97: =COUNTIF(F97:DW97,"x") -> 0 | E97: =C97-D97 -> 15
A98: Ormándi Máriusz | B98: 32 | C98: 14 | D98: =COUNTIF(F98:DW98,"x") -> 5 | E98: =C98-D98 -> 9 | T98: x | U98: x | V98: x | W98: x | X98: x | Y98: JAN 3-indulás
A99: Pálfi Árpád | B99: 30 | C99: 17 | D99: =COUNTIF(F99:DW99,"x") -> 0 | E99: =C99-D99 -> 17 | F99: B | G99: B | H99: B | I99: B | J99: B | K99: B | L99: B | M99: B | N99: B | O99: B | P99: B | Q99: B | R99: B | S99: B | T99: B | U99: B | V99: B | W99: B | X99: B
A100: Papp Zoltán | B100: 34 | C100: 21 | D100: =COUNTIF(F100:DW100,"x") -> 9 | E100: =C100-D100 -> 12 | M100: x | N100: x | O100: x | P100: x | T100: x | U100: x | V100: x | W100: x | X100: x | Y100: JAN 7 indulás
...

Sheet Szabik 2022
A1: X -et rakj abba a cellába, ahol szabadságot akarsz rögzíteni!! | G1: Munkaszüneti nap | CB1: Áthelyezett pihenőnap | CC1: Munkaszüneti nap | CN1: Áthelyezett munkanap | DI1: Munkaszüneti nap | DL1: Munkaszüneti nap | DY1: Munkaszüneti nap | FI1: Munkaszüneti nap | IF1: Munkaszüneti nap | JX1: DE tilalom 00-22 | KJ1: Áthelyezett munkanap | KR1: Munkaszüneti nap | KZ1: Áthelyezett pihenőnap | LA1: Munkaszüneti nap | NC1: Munkaszüneti nap | ND1: Munkaszüneti nap
B2: ezt ne piszkáld | C2: ezt ne piszkáld | D2: ezt ne piszkáld | E2: ezt se | F2: ezt se | G2: Szombat | H2: Vasárnap | I2: Hétfő | J2: Kedd | K2: Szerda | L2: Csütörtök | M2: Péntek | N2: Szombat | O2: Vasárnap | P2: Hétfő | Q2: Kedd | R2: Szerda | S2: Csütörtök | T2: Péntek | U2: Szombat | V2: Vasárnap | W2: Hétfő | X2: Kedd | Y2: Szerda | Z2: Csütörtök | AA2: Péntek | AB2: Szombat | AC2: Vasárnap | AD2: Hétfő | AE2: Kedd | AF2: Szerda | AG2: Csütörtök | AH2: Péntek | AI2: Szombat | AJ2: Vasárnap | AK2: Hétfő | AL2: Kedd | AM2: Szerda | AN2: Csütörtök | AO2: Péntek | AP2: Szombat | AQ2: Vasárnap | AR2: Hétfő | AS2: Kedd | AT2: Szerda | AU2: Csütörtök | AV2: Péntek | AW2: Szombat | AX2: Vasárnap | AY2: Hétfő | AZ2: Kedd | BA2: Szerda | BB2: Csütörtök | BC2: Péntek | BD2: Szombat | BE2: Vasárnap | BF2: Hétfő | BG2: Kedd | BH2: Szerda | BI2: Csütörtök | BJ2: Péntek | BK2: Szombat | BL2: Vasárnap | BM2: Hétfő | BO2: Kedd | BP2: Szerda | BQ2: Csütörtök | BR2: Péntek | BS2: Szombat | BT2: Vasárnap | BU2: Hétfő | BV2: Kedd | BW2: Szerda | BX2: Csütörtök | BY2: Péntek | BZ2: Szombat | CA2: Vasárnap | CB2: Hétfő | CC2: Kedd | CD2: Szerda | CE2: Csütörtök | CF2: Péntek | CG2: Szombat | CH2: Vasárnap | CI2: Hétfő | CJ2: Kedd | CK2: Szerda | CL2: Csütörtök | CM2: Péntek | CN2: Szombat | CO2: Vasárnap | CP2: Hétfő | CQ2: Kedd | CR2: Szerda | CS2: Csütörtök | CU2: Péntek | CV2: Szombat | CW2: Vasárnap | CX2: Hétfő | CY2: Kedd | CZ2: Szerda | DA2: Csütörtök | DB2: Péntek | DC2: Szombat | DD2: Vasárnap | DE2: Hétfő | DF2: Kedd | DG2: Szerda | DH2: Csütörtök | DI2: Péntek | DJ2: Szombat | DK2: Vasárnap | DL2: Hétfő | DM2: Kedd | DN2: Szerda | DO2: Csütörtök | DP2: Péntek | DQ2: Szombat | DR2: Vasárnap | DS2: Hétfő | DT2: Kedd | DU2: Szerda | DV2: Csütörtök | DW2: Péntek | DX2: Szombat | DY2: Vasárnap | DZ2: Hétfő | EA2: Kedd | EB2: Szerda | EC2: Csütörtök | ED2: Péntek | EE2: Szombat | EF2: Vasárnap | EG2: Hétfő | EH2: Kedd | EI2: Szerda | EJ2: Csütörtök | EK2: Péntek | EL2: Szombat | EM2: Vasárnap | EN2: Hétfő | EO2: Kedd | EP2: Szerda | EQ2: Csütörtök | ER2: Péntek | ES2: Szombat | ET2: Vasárnap | EU2: Hétfő | EV2: Kedd | EW2: Szerda | EX2: Csütörtök | EY2: Péntek | EZ2: Szombat | FA2: Vasárnap | FB2: Hétfő | FC2: Kedd | FD2: Szerda | FE2: Csütörtök | FF2: Péntek | FG2: Szombat | FH2: Vasárnap | FI2: Hétfő | FJ2: Kedd | FK2: Szerda | FL2: Csütörtök | FM2: Péntek | FN2: Szombat | FO2: Vasárnap | FP2: Hétfő | FQ2: Kedd | FR2: Szerda | FS2: Csütörtök | FT2: Péntek | FU2: Szombat | FV2: Vasárnap | FW2: Hétfő | FX2: Kedd | FY2: Szerda | FZ2: Csütörtök | GA2: Péntek | GB2: Szombat | GC2: Vasárnap | GD2: Hétfő | GE2: Kedd | GF2: Szerda | GG2: Csütörtök | GH2: Péntek | GI2: Szombat | GJ2: Vasárnap | GK2: Hétfő | GL2: Kedd | GM2: Szerda | GN2: Csütörtök | GO2: Péntek | GP2: Szombat | GQ2: Vasárnap | GR2: Hétfő | GS2: Kedd | GT2: Szerda | GU2: Csütörtök | GV2: Péntek | GW2: Szombat | GX2: Vasárnap | GY2: Hétfő | GZ2: Kedd | HA2: Szerda | HB2: Csütörtök | HC2: Péntek | HD2: Szombat | HE2: Vasárnap | HF2: Hétfő | HG2: Kedd | HH2: Szerda | HI2: Csütörtök | HJ2: Péntek | HK2: Szombat | HL2: Vasárnap | HM2: Hétfő | HN2: Kedd | HO2: Szerda | HP2: Csütörtök | HQ2: Péntek | HR2: Szombat | HS2: Vasárnap | HT2: Hétfő | HU2: Kedd | HV2: Szerda | HW2: Csütörtök | HX2: Péntek | HY2: Szombat | HZ2: Vasárnap | IA2: Hétfő | IB2: Kedd | IC2: Szerda | ID2: Csütörtök | IE2: Péntek | IF2: Szombat | IG2: Vasárnap | IH2: Hétfő | II2: Kedd | IJ2: Szerda | IK2: Csütörtök | IL2: Péntek | IM2: Szombat | IN2: Vasárnap | IO2: Hétfő | IP2: Kedd | IQ2: Szerda | IR2: Csütörtök | IS2: Péntek | IT2: Szombat | IU2: Vasárnap | IV2: Hétfő | IW2: Kedd | IX2: Szerda | IY2: Csütörtök | IZ2: Péntek | JA2: Szombat | JB2: Vasárnap | JC2: Hétfő | JD2: Kedd | JE2: Szerda | JF2: Csütörtök | JG2: Péntek | JH2: Szombat | JI2: Vasárnap | JJ2: Hétfő | JK2: Kedd | JL2: Szerda | JM2: Csütörtök | JN2: Péntek | JO2: Szombat | JP2: Vasárnap | JQ2: Hétfő | JR2: Kedd | JS2: Szerda | JT2: Csütörtök | JU2: Péntek | JV2: Szombat | JW2: Vasárnap | JX2: Hétfő | JY2: Kedd | JZ2: Szerda | KA2: Csütörtök | KB2: Péntek | KC2: Szombat | KD2: Vasárnap | KE2: Hétfő | KF2: Kedd | KG2: Szerda | KH2: Csütörtök | KI2: Péntek | KJ2: Szombat | KK2: Vasárnap | KL2: Hétfő | KM2: Kedd | KN2: Szerda | KO2: Csütörtök | KP2: Péntek | KQ2: Szombat | KR2: Vasárnap | KS2: Hétfő | KT2: Kedd | KU2: Szerda | KV2: Csütörtök | KW2: Péntek | KX2: Szombat | KY2: Vasárnap | KZ2: Hétfő | LA2: Kedd | LB2: Szerda | LC2: Csütörtök | LD2: Péntek | LE2: Szombat | LF2: Vasárnap | LG2: Hétfő | LH2: Kedd | LI2: Szerda | LJ2: Csütörtök | LK2: Péntek | LL2: Szombat | LM2: Vasárnap | LN2: Hétfő | LO2: Kedd | LP2: Szerda | LQ2: Csütörtök | LR2: Péntek | LS2: Szombat | LT2: Vasárnap | LU2: Hétfő | LV2: Kedd | LW2: Szerda | LX2: Csütörtök | LY2: Péntek | LZ2: Szombat | MA2: Vasárnap | MB2: Hétfő | MC2: Kedd | MD2: Szerda | ME2: Csütörtök | MF2: Péntek | MG2: Szombat | MH2: Vasárnap | MI2: Hétfő | MJ2: Kedd | MK2: Szerda | ML2: Csütörtök | MM2: Péntek | MN2: Szombat | MO2: Vasárnap | MP2: Hétfő | MQ2: Kedd | MR2: Szerda | MS2: Csütörtök | MT2: Péntek | MU2: Szombat | MV2: Vasárnap | MW2: Hétfő | MX2: Kedd | MY2: Szerda | MZ2: Csütörtök | NA2: Péntek | NB2: Szombat | NC2: Vasárnap | ND2: Hétfő | NE2: Kedd | NF2: Szerda | NG2: Csütörtök | NH2: Péntek | NI2: Szombat | NJ2: Vasárnap | NK2: Hétfő | NL2: Kedd | NM2: Szerda | NN2: Csütörtök | NO2: Péntek | NP2: Szombat | NQ2: Vasárnap | NR2: Hétfő | NS2: Kedd | NT2: Szerda | NU2: Csütörtök | NV2: Péntek | NW2: Szombat | NX2: Vasárnap | NY2: Hétfő | NZ2: Kedd | OA2: Szerda | OB2: Csütörtök | OC2: Péntek | OD2: Szombat | OE2: Vasárnap | OF2: Hétfő | OG2: Kedd | OH2: Szerda | OI2: Csütörtök | OJ2: Péntek | OK2: Szombat | OL2: Vasárnap | OM2: Hétfő | ON2: Kedd | OO2: Szerda | OP2: Csütörtök | OQ2: Péntek | OR2: Szombat | OS2: Vasárnap | OT2: Hétfő | OU2: Kedd | OV2: Szerda | OW2: Csütörtök | OX2: Péntek | OY2: Szombat | OZ2: Vasárnap | PA2: Hétfő | PB2: Kedd | PC2: Szerda | PD2: Csütörtök | PE2: Péntek | PF2: Szombat | PG2: Vasárnap | PH2: Hétfő | PI2: Kedd | PJ2: Szerda | PK2: Csütörtök | PL2: Péntek | PM2: Szombat | PN2: Vasárnap | PO2: Hétfő | PP2: Kedd
A3: Név | B3: Összes 2022-ben kivehető Szabadság | C3: Április 30ig kivett | D3: Szeptember 30-ig kivett | E3: Tervezet | F3: Még felhasználható szabadság 2022-ben | G3: január 1. | H3: január 2. | I3: január 3. | J3: január 4. | K3: január 5. | L3: január 6. | M3: január 7. | N3: január 8. | O3: január 9. | P3: január 10. | Q3: január 11. | R3: január 12. | S3: január 13. | T3: január 14. | U3: január 15. | V3: január 16. | W3: január 17. | X3: január 18. | Y3: január 19. | Z3: január 20. | AA3: január 21. | AB3: január 22. | AC3: január 23. | AD3: január 24. | AE3: január 25. | AF3: január 26. | AG3: január 27. | AH3: január 28. | AI3: január 29. | AJ3: január 30. | AK3: január 31. | AL3: február 1. | AM3: február 2. | AN3: február 3. | AO3: február 4. | AP3: február 5. | AQ3: február 6. | AR3: február 7. | AS3: február 8. | AT3: február 9. | AU3: február 10. | AV3: február 11. | AW3: február 12. | AX3: február 13. | AY3: február 14. | AZ3: február 15. | BA3: február 16. | BB3: február 17. | BC3: február 18. | BD3: február 19. | BE3: február 20. | BF3: február 21. | BG3: február 22. | BH3: február 23. | BI3: február 24. | BJ3: február 25. | BK3: február 26. | BL3: február 27. | BM3: február 28. | BN3: Jan&Feb összesítő | BO3: március 1. | BP3: március 2. | BQ3: március 3. | BR3: március 4. | BS3: március 5. | BT3: március 6. | BU3: március 7. | BV3: március 8. | BW3: március 9. | BX3: március 10. | BY3: március 11. | BZ3: március 12. | CA3: március 13. | CB3: március 14. | CC3: március 15. | CD3: március 16. | CE3: március 17. | CF3: március 18. | CG3: március 19. | CH3: március 20. | CI3: március 21. | CJ3: március 22. | CK3: március 23. | CL3: március 24. | CM3: március 25. | CN3: március 26. | CO3: március 27. | CP3: március 28. | CQ3: március 29. | CR3: március 30. | CS3: március 31. | CT3: Márciusi DB | CU3: április 1. | CV3: április 2. | CW3: április 3. | CX3: április 4. | CY3: április 5. | CZ3: április 6. | DA3: április 7. | DB3: április 8. | DC3: április 9. | DD3: április 10. | DE3: április 11. | DF3: április 12. | DG3: április 13. | DH3: április 14. | DI3: április 15. | DJ3: április 16. | DK3: április 17. | DL3: április 18. | DM3: április 19. | DN3: április 20. | DO3: április 21. | DP3: április 22. | DQ3: április 23. | DR3: április 24. | DS3: április 25. | DT3: április 26. | DU3: április 27. | DV3: április 28. | DW3: április 29. | DX3: április 30. | DY3: május 1. | DZ3: május 2. | EA3: május 3. | EB3: május 4. | EC3: május 5. | ED3: május 6. | EE3: május 7. | EF3: május 8. | EG3: május 9. | EH3: május 10. | EI3: május 11. | EJ3: május 12. | EK3: május 13. | EL3: május 14. | EM3: május 15. | EN3: május 16. | EO3: május 17. | EP3: május 18. | EQ3: május 19. | ER3: május 20. | ES3: május 21. | ET3: május 22. | EU3: május 23. | EV3: május 24. | EW3: május 25. | EX3: május 26. | EY3: május 27. | EZ3: május 28. | FA3: május 29. | FB3: május 30. | FC3: május 31. | FD3: június 1. | FE3: június 2. | FF3: június 3. | FG3: június 4. | FH3: június 5. | FI3: június 6. | FJ3: június 7. | FK3: június 8. | FL3: június 9. | FM3: június 10. | FN3: június 11. | FO3: június 12. | FP3: június 13. | FQ3: június 14. | FR3: június 15. | FS3: június 16. | FT3: június 17. | FU3: június 18. | FV3: június 19. | FW3: június 20. | FX3: június 21. | FY3: június 22. | FZ3: június 23. | GA3: június 24. | GB3: június 25. | GC3: június 26. | GD3: június 27. | GE3: június 28. | GF3: június 29. | GG3: június 30. | GH3: július 1. | GI3: július 2. | GJ3: július 3. | GK3: július 4. | GL3: július 5. | GM3: július 6. | GN3: július 7. | GO3: július 8. | GP3: július 9. | GQ3: július 10. | GR3: július 11. | GS3: július 12. | GT3: július 13. | GU3: július 14. | GV3: július 15. | GW3: július 16. | GX3: július 17. | GY3: július 18. | GZ3: július 19. | HA3: július 20. | HB3: július 21. | HC3: július 22. | HD3: július 23. | HE3: július 24. | HF3: július 25. | HG3: július 26. | HH3: július 27. | HI3: július 28. | HJ3: július 29. | HK3: július 30. | HL3: július 31. | HM3: augusztus 1. | HN3: augusztus 2. | HO3: augusztus 3. | HP3: augusztus 4. | HQ3: augusztus 5. | HR3: augusztus 6. | HS3: augusztus 7. | HT3: augusztus 8. | HU3: augusztus 9. | HV3: augusztus 10. | HW3: augusztus 11. | HX3: augusztus 12. | HY3: augusztus 13. | HZ3: augusztus 14. | IA3: augusztus 15. | IB3: augusztus 16. | IC3: augusztus 17. | ID3: augusztus 18. | IE3: augusztus 19. | IF3: augusztus 20. | IG3: augusztus 21. | IH3: augusztus 22. | II3: augusztus 23. | IJ3: augusztus 24. | IK3: augusztus 25. | IL3: augusztus 26. | IM3: augusztus 27. | IN3: augusztus 28. | IO3: augusztus 29. | IP3: augusztus 30. | IQ3: augusztus 31. | IR3: szeptember 1. | IS3: szeptember 2. | IT3: szeptember 3. | IU3: szeptember 4. | IV3: szeptember 5. | IW3: szeptember 6. | IX3: szeptember 7. | IY3: szeptember 8. | IZ3: szeptember 9. | JA3: szeptember 10. | JB3: szeptember 11. | JC3: szeptember 12. | JD3: szeptember 13. | JE3: szeptember 14. | JF3: szeptember 15. | JG3: szeptember 16. | JH3: szeptember 17. | JI3: szeptember 18. | JJ3: szeptember 19. | JK3: szeptember 20. | JL3: szeptember 21. | JM3: szeptember 22. | JN3: szeptember 23. | JO3: szeptember 24. | JP3: szeptember 25. | JQ3: szeptember 26. | JR3: szeptember 27. | JS3: szeptember 28. | JT3: szeptember 29. | JU3: szeptember 30. | JV3: október 1. | JW3: október 2. | JX3: október 3. | JY3: október 4. | JZ3: október 5. | KA3: október 6. | KB3: október 7. | KC3: október 8. | KD3: október 9. | KE3: október 10. | KF3: október 11. | KG3: október 12. | KH3: október 13. | KI3: október 14. | KJ3: október 15. | KK3: október 16. | KL3: október 17. | KM3: október 18. | KN3: október 19. | KO3: október 20. | KP3: október 21. | KQ3: október 22. | KR3: október 23. | KS3: október 24. | KT3: október 25. | KU3: október 26. | KV3: október 27. | KW3: október 28. | KX3: október 29. | KY3: október 30. | KZ3: október 31. | LA3: november 1. | LB3: november 2. | LC3: november 3. | LD3: november 4. | LE3: november 5. | LF3: november 6. | LG3: november 7. | LH3: november 8. | LI3: november 9. | LJ3: november 10. | LK3: november 11. | LL3: november 12. | LM3: november 13. | LN3: november 14. | LO3: november 15. | LP3: november 16. | LQ3: november 17. | LR3: november 18. | LS3: november 19. | LT3: november 20. | LU3: november 21. | LV3: november 22. | LW3: november 23. | LX3: november 24. | LY3: november 25. | LZ3: november 26. | MA3: november 27. | MB3: november 28. | MC3: november 29. | MD3: november 30. | ME3: december 1. | MF3: december 2. | MG3: december 3. | MH3: december 4. | MI3: december 5. | MJ3: december 6. | MK3: december 7. | ML3: december 8. | MM3: december 9. | MN3: december 10. | MO3: december 11. | MP3: december 12. | MQ3: december 13. | MR3: december 14. | MS3: december 15. | MT3: december 16. | MU3: december 17. | MV3: december 18. | MW3: december 19. | MX3: december 20. | MY3: december 21. | MZ3: december 22. | NA3: december 23. | NB3: december 24. | NC3: december 25. | ND3: december 26. | NE3: december 27. | NF3: december 28. | NG3: december 29. | NH3: december 30. | NI3: december 31. | NJ3: Január 1. | NK3: Január 2. | NL3: Január 3. | NM3: Január 4 | NN3: Január 5. | NO3: Január 6. | NP3: Január 7. | NQ3: Január 8. | NR3: Január 9. | NS3: január 10. | NT3: január 11. | NU3: január 12. | NV3: január 13. | NW3: január 14. | NX3: január 15. | NY3: január 16. | NZ3: január 17. | OA3: január 18. | OB3: január 19. | OC3: január 20. | OD3: január 21. | OE3: január 22. | OF3: január 23. | OG3: január 24. | OH3: január 25. | OI3: január 26. | OJ3: január 27. | OK3: január 28. | OL3: január 29. | OM3: január 30. | ON3: január 31. | OO3: február 1. | OP3: február 2. | OQ3: február 3. | OR3: február 4. | OS3: február 5. | OT3: február 6. | OU3: február 7. | OV3: február 8. | OW3: február 9. | OX3: február 10. | OY3: február 11. | OZ3: február 12. | PA3: február 13. | PB3: február 14. | PC3: február 15. | PD3: február 16. | PE3: február 17. | PF3: február 18. | PG3: február 19. | PH3: február 20. | PI3: február 21. | PJ3: február 22. | PK3: február 23. | PL3: február 24. | PM3: február 25. | PN3: február 26. | PO3: február 27. | PP3: február 28. | PQ3: március 1. | PR3: március 2. | PS3: március 3. | PT3: március 4. | PU3: március 5. | PV3: március 6. | PW3: március 7. | PX3: március 8. | PY3: március 9. | PZ3: március 10. | QA3: március 11. | QB3: március 12. | QC3: március 13. | QD3: március 14. | QE3: március 15. | QF3: március 16. | QG3: március 17. | QH3: március 18. | QI3: március 19. | QJ3: március 20. | QK3: március 21. | QL3: március 22. | QM3: március 23. | QN3: március 24. | QO3: március 25. | QP3: március 26. | QQ3: március 27. | QR3: március 28. | QS3: március 29. | QT3: március 30. | QU3: március 31. | QV3: Márciusi DB | QW3: április 1. | QX3: április 2. | QY3: április 3. | QZ3: április 4. | RA3: április 5. | RB3: április 6. | RC3: április 7. | RD3: április 8. | RE3: április 9. | RF3: április 10. | RG3: április 11. | RH3: április 12. | RI3: április 13. | RJ3: április 14. | RK3: április 15. | RL3: április 16. | RM3: április 17. | RN3: április 18. | RO3: április 19. | RP3: április 20. | RQ3: április 21. | RR3: április 22. | RS3: április 23. | RT3: április 24. | RU3: április 25. | RV3: április 26. | RW3: április 27. | RX3: április 28. | RY3: április 29. | RZ3: április 30. | SA3: május 1. | SB3: május 2. | SC3: május 3. | SD3: május 4. | SE3: május 5. | SF3: május 6. | SG3: május 7. | SH3: május 8. | SI3: május 9. | SJ3: május 10. | SK3: május 11. | SL3: május 12. | SM3: május 13. | SN3: május 14. | SO3: május 15. | SP3: május 16. | SQ3: május 17. | SR3: május 18. | SS3: május 19. | ST3: május 20. | SU3: május 21. | SV3: május 22. | SW3: május 23. | SX3: május 24. | SY3: május 25. | SZ3: május 26. | TA3: május 27. | TB3: május 28. | TC3: május 29. | TD3: május 30. | TE3: május 31. | TF3: június 1. | TG3: június 2. | TH3: június 3. | TI3: június 4. | TJ3: június 5. | TK3: június 6. | TL3: június 7. | TM3: június 8. | TN3: június 9. | TO3: június 10. | TP3: június 11. | TQ3: június 12. | TR3: június 13. | TS3: június 14. | TT3: június 15. | TU3: június 16. | TV3: június 17. | TW3: június 18. | TX3: június 19. | TY3: június 20. | TZ3: június 21. | UA3: június 22. | UB3: június 23. | UC3: június 24. | UD3: június 25. | UE3: június 26. | UF3: június 27. | UG3: június 28. | UH3: június 29. | UI3: június 30. | UJ3: július 1. | UK3: július 2. | UL3: július 3. | UM3: július 4. | UN3: július 5. | UO3: július 6. | UP3: július 7. | UQ3: július 8. | UR3: július 9. | US3: július 10. | UT3: július 11. | UU3: július 12. | UV3: július 13. | UW3: július 14. | UX3: július 15. | UY3: július 16. | UZ3: július 17. | VA3: július 18. | VB3: július 19. | VC3: július 20. | VD3: július 21. | VE3: július 22. | VF3: július 23. | VG3: július 24. | VH3: július 25. | VI3: július 26. | VJ3: július 27. | VK3: július 28. | VL3: július 29. | VM3: július 30. | VN3: július 31. | VO3: augusztus 1. | VP3: augusztus 2. | VQ3: augusztus 3. | VR3: augusztus 4. | VS3: augusztus 5. | VT3: augusztus 6. | VU3: augusztus 7. | VV3: augusztus 8. | VW3: augusztus 9. | VX3: augusztus 10. | VY3: augusztus 11. | VZ3: augusztus 12. | WA3: augusztus 13. | WB3: augusztus 14. | WC3: augusztus 15. | WD3: augusztus 16. | WE3: augusztus 17. | WF3: augusztus 18. | WG3: augusztus 19. | WH3: augusztus 20. | WI3: augusztus 21. | WJ3: augusztus 22. | WK3: augusztus 23. | WL3: augusztus 24. | WM3: augusztus 25. | WN3: augusztus 26. | WO3: augusztus 27. | WP3: augusztus 28. | WQ3: augusztus 29. | WR3: augusztus 30. | WS3: augusztus 31. | WT3: szeptember 1. | WU3: szeptember 2. | WV3: szeptember 3. | WW3: szeptember 4. | WX3: szeptember 5. | WY3: szeptember 6. | WZ3: szeptember 7. | XA3: szeptember 8. | XB3: szeptember 9. | XC3: szeptember 10. | XD3: szeptember 11. | XE3: szeptember 12. | XF3: szeptember 13. | XG3: szeptember 14. | XH3: szeptember 15. | XI3: szeptember 16. | XJ3: szeptember 17. | XK3: szeptember 18. | XL3: szeptember 19. | XM3: szeptember 20. | XN3: szeptember 21. | XO3: szeptember 22. | XP3: szeptember 23. | XQ3: szeptember 24. | XR3: szeptember 25. | XS3: szeptember 26. | XT3: szeptember 27. | XU3: szeptember 28. | XV3: szeptember 29. | XW3: szeptember 30. | XX3: október 1. | XY3: október 2. | XZ3: október 3. | YA3: október 4. | YB3: október 5. | YC3: október 6. | YD3: október 7. | YE3: október 8. | YF3: október 9. | YG3: október 10. | YH3: október 11. | YI3: október 12. | YJ3: október 13. | YK3: október 14. | YL3: október 15. | YM3: október 16. | YN3: október 17. | YO3: október 18. | YP3: október 19. | YQ3: október 20. | YR3: október 21. | YS3: október 22. | YT3: október 23. | YU3: október 24. | YV3: október 25. | YW3: október 26. | YX3: október 27. | YY3: október 28. | YZ3: október 29. | ZA3: október 30. | ZB3: október 31. | ZC3: november 1. | ZD3: november 2. | ZE3: november 3. | ZF3: november 4. | ZG3: november 5. | ZH3: november 6. | ZI3: november 7. | ZJ3: november 8. | ZK3: november 9. | ZL3: november 10. | ZM3: november 11. | ZN3: november 12. | ZO3: november 13. | ZP3: november 14. | ZQ3: november 15. | ZR3: november 16. | ZS3: november 17. | ZT3: november 18. | ZU3: november 19. | ZV3: november 20. | ZW3: november 21. | ZX3: november 22. | ZY3: november 23. | ZZ3: november 24. | AAA3: november 25. | AAB3: november 26. | AAC3: november 27. | AAD3: november 28. | AAE3: november 29. | AAF3: november 30. | AAG3: december 1. | AAH3: december 2. | AAI3: december 3. | AAJ3: december 4. | AAK3: december 5. | AAL3: december 6. | AAM3: december 7. | AAN3: december 8. | AAO3: december 9. | AAP3: december 10. | AAQ3: december 11. | AAR3: december 12. | AAS3: december 13. | AAT3: december 14. | AAU3: december 15. | AAV3: december 16. | AAW3: december 17. | AAX3: december 18. | AAY3: december 19. | AAZ3: december 20. | ABA3: december 21. | ABB3: december 22. | ABC3: december 23. | ABD3: december 24. | ABE3: december 25. | ABF3: december 26. | ABG3: december 27. | ABH3: december 28. | ABI3: december 29. | ABJ3: december 30. | ABK3: december 31.
G4: =COUNTA(G5:G126) -> 0 | H4: =COUNTA(H5:H126) -> 0 | I4: =COUNTA(I5:I126) -> 46 | J4: =COUNTA(J5:J126) -> 28 | K4: =COUNTA(K5:K126) -> 19 | L4: =COUNTA(L5:L126) -> 28 | M4: =COUNTA(M5:M126) -> 21 | N4: =COUNTA(N5:N126) -> 0 | ... BM4: =COUNTA(BM5:BM126) -> 19 | BO4: =COUNTA(BO5:BO126) -> 15 | BP4: =COUNTA(BP5:BP126) -> 5 | BQ4: =COUNTA(BQ5:BQ126) -> 11 | BR4: =COUNTA(BR5:BR126) -> 21 | BS4: =COUNTA(BS5:BS126) -> 14 | BT4: =COUNTA(BT5:BT126) -> 14 | BU4: =COUNTA(BU5:BU126) -> 18 | BV4: =COUNTA(BV5:BV126) -> 14 | ... CS4: =COUNTA(CS5:CS126) -> 8 | CU4: =COUNTA(CU5:CU126) -> 34 | CV4: =COUNTA(CV5:CV126) -> 5 | CW4: =COUNTA(CW5:CW126) -> 2 | CX4: =COUNTA(CX5:CX126) -> 17 | CY4: =COUNTA(CY5:CY126) -> 13 | CZ4: =COUNTA(CZ5:CZ126) -> 9 | DA4: =COUNTA(DA5:DA126) -> 15 | DB4: =COUNTA(DB5:DB126) -> 20 | ... PP4: =COUNTA(PP5:PP126) -> 0
A5: Adamek István | B5: 30 | C5: =COUNTIF(F5:DX5,"x") -> 0 | D5: 16 | E5: =COUNTIF(JU5:NI5,"x") -> 9 | F5: =+B5-D5-E5 -> 5 | AR5: B | AS5: B | AT5: B | AU5: B | AV5: B | AY5: B | AZ5: B | BA5: B | BB5: B | BC5: B | BN5: =COUNTIFS(G5:BM5,"x") -> 0 | BS5: P | BT5: P | CB5: P | CT5: =COUNTIF(BO5:CS5,"X") -> 0 | ER5: X | FE5: X | FF5: X | FG5: P | FH5: P | FI5: P | HK5: P | HL5: P | HM5: X | HN5: X | HO5: X | HP5: X | HQ5: X | HR5: P | HS5: P | HT5: X | HU5: X | HV5: X | HW5: X | HX5: X | HY5: P | HZ5: P | IX5: x | JI5: B | JJ5: B | JK5: B | JL5: B | JM5: B | JN5: B | JO5: B | JP5: B | JQ5: B | JR5: B | JS5: B | JT5: B | JU5: B | NA5: x | NB5: x | NC5: x | ND5: x | NE5: x | NF5: x | NG5: x | NH5: x | NI5: x | NJ5: vasárnapi esti induló
A6: Árvai József | B6: 31 | C6: =COUNTIF(F6:DX6,"x") -> 9 | D6: 17 | E6: =COUNTIF(JU6:NI6,"x") -> 0 | F6: =+B6-D6-E6 -> 14 | M6: x | P6: x | S6: x | T6: x | AD6: x | AR6: X | BF6: X | BN6: =COUNTIFS(G6:BM6,"x") -> 7 | BU6: X | CB6: P | CI6: X | CT6: =COUNTIF(BO6:CS6,"X") -> 2 | CX6: P | DZ6: p | EN6: P | EY6: X | EZ6: P | FB6: X | FN6: P | FT6: X | GD6: X | GR6: X | HT6: P | IE6: X | IF6: P | IG6: P | IH6: X | JG6: X | JH6: P | JI6: P | NE6: DSV kört csinálja két ünnep között | NM6: indul
A7: Bagi Lajos | B7: 35 | C7: =COUNTIF(F7:DX7,"x") -> 5 | D7: 15 | E7: =COUNTIF(JU7:NI7,"x") -> 22 | F7: =+B7-D7-E7 -> -2 | AN7: x | AO7: x | AP7: o | AQ7: o | BN7: =COUNTIFS(G7:BM7,"x") -> 2 | CI7: B | CJ7: B | CK7: B | CL7: B | CM7: B | CN7: X | CT7: =COUNTIF(BO7:CS7,"X") -> 1 | CU7: X | DH7: X | DI7: P | DJ7: P | DK7: P | DL7: P | EX7: X | EY7: X | EZ7: P | FW7: X | GK7: X | GT7: X | GU7: X | GV7: X | GW7: P | GX7: P | GY7: X | HM7: X | IA7: P | IO7: P | JC7: x | KR7: x | KS7: x | KT7: x | KU7: x | KV7: x | KW7: x | KX7: x | KY7: x | KZ7: x | MW7: x | MX7: x | MY7: x | MZ7: x | NA7: x | NB7: x | NC7: x | ND7: x | NE7: x | NF7: x | NG7: x | NH7: x | NI7: x | NJ7: x | NK7: indulás
A8: Bagi Márió Lajos | B8: 23 | C8: =COUNTIF(F8:DX8,"x") -> 4 | D8: 14 | E8: =COUNTIF(JU8:NI8,"x") -> 22 | F8: =+B8-D8-E8 -> -13 | AN8: x | AO8: x | AP8: o | AQ8: o | BN8: =COUNTIFS(G8:BM8,"x") -> 2 | CT8: =COUNTIF(BO8:CS8,"X") -> 0 | CU8: X | DH8: X | DI8: P | DJ8: P | DK8: P | DL8: P | EX8: X | EY8: X | EZ8: P | FW8: X | GK8: X | GT8: X | GU8: X | GV8: X | GW8: P | GX8: P | GY8: X | HM8: X | IA8: P | IO8: P | JC8: x | KR8: x | KS8: x | KT8: x | KU8: x | KV8: x | KW8: x | KX8: x | KY8: x | KZ8: x | MW8: x | MX8: x | MY8: x | MZ8: x | NA8: x | NB8: x | NC8: x | ND8: x | NE8: x | NF8: x | NG8: x | NH8: x | NI8: x | NJ8: x | NK8: indulás
A9: Bak László | B9: 33 | C9: =COUNTIF(F9:DX9,"x") -> 4 | D9: 17 | E9: =COUNTIF(JU9:NI9,"x") -> 13 | F9: =+B9-D9-E9 -> 3 | Z9: x | AA9: X | BN9: =COUNTIFS(G9:BM9,"x") -> 2 | CB9: P | CT9: =COUNTIF(BO9:CS9,"X") -> 0 | DJ9: P | DK9: P | DL9: P | DM9: X | DW9: X | DX9: P | DY9: P | EX9: x | EY9: x | EZ9: GKI | FB9: x | FW9: x | FX9: x | FY9: x | FZ9: x | GA9: x | GB9: P | GC9: P | HM9: x | HN9: x | HO9: x | HP9: x | HQ9: x | KE9: B | KF9: B | KG9: B | KH9: B | MW9: x | MX9: x | MY9: x | MZ9: x | NA9: x | NB9: x | NC9: x | ND9: x | NE9: x | NF9: x | NG9: x | NH9: x | NI9: x | NJ9: x | NK9: x | NL9: indulás
A10: Balázs István I. | B10: 46 | C10: =COUNTIF(F10:DX10,"x") -> 4 | D10: 15 | E10: =COUNTIF(JU10:NI10,"x") -> 9 | F10: =+B10-D10-E10 -> 22 | W10: x | BN10: =COUNTIFS(G10:BM10,"x") -> 1 | CI10: X | CN10: X | CT10: =COUNTIF(BO10:CS10,"X") -> 2 | DE10: X | EJ10: X | EK10: x | EL10: ADR | EM10: ADR | HK10: a | HL10: P | HM10: X | HN10: X | HO10: X | HP10: X | HQ10: X | HR10: P | HS10: P | HT10: X | IC10: x | ID10: x | IE10: x | IF10: o | IG10: o | IR10: P | NA10: x | NB10: x | NC10: x | ND10: x | NE10: x | NF10: x | NG10: x | NH10: x | NI10: x | NJ10: x | NK10: indulás
A11: Balázs István II. | MZ11: x | NA11: x | NB11: x | NC11: x | ND11: x | NE11: indulás
A12: Balázs Tibor | B12: 40 | C12: =COUNTIF(F12:DX12,"x") -> 15 | D12: 33 | E12: =COUNTIF(JU12:NI12,"x") -> 3 | F12: =+B12-D12-E12 -> 4 | AA12: x | AN12: x | AO12: x | BC12: x | BN12: =COUNTIFS(G12:BM12,"x") -> 4 | BR12: X | CB12: P | CC12: P | CD12: X | CE12: X | CF12: X | CI12: X | CJ12: X | CM12: X | CT12: =COUNTIF(BO12:CS12,"X") -> 7 | DI12: P | DJ12: P | DK12: P | DL12: P | DM12: x | DN12: x | DO12: x | DP12: x | DQ12: P | DR12: P | EO12: X | EP12: X | EQ12: x | ER12: x | ES12: o | ET12: o | FF12: x | FG12: P | FH12: P | FI12: P | FU12: P | FV12: P | FW12: X | GA12: X | GB12: P | GC12: P | GO12: X | GP12: P | GQ12: P | GY12: X | HF12: x | HG12: x | HH12: x | HI12: x | HJ12: x | HK12: o | HL12: o | HM12: x | HN12: x | HO12: x | HP12: x | HQ12: x | HR12: o | HS12: o | KO12: x | KP12: x | KQ12: o | KR12: o | NB12: P | NC12: P | ND12: P | NF12: egy kanyarra kimegy | NI12: x | NJ12: x | NK12: indulás
A13: Bálint László | B13: 24 | C13: =COUNTIF(F13:DX13,"x") -> 18 | D13: 24 | E13: =COUNTIF(JU13:NI13,"x") -> 15 | F13: =+B13-D13-E13 -> -15 | I13: X | J13: X | P13: x | T13: x | AN13: x | AO13: x | AR13: x | AS13: x | AT13: x | AU13: x | AV13: x | AY13: x | BF13: x | BN13: =COUNTIFS(G13:BM13,"x") -> 13 | BQ13: B | BR13: B | BS13: B | BT13: B | BU13: B | CA13: P | CB13: P | CC13: P | CD13: X | CE13: X | CF13: X | CT13: =COUNTIF(BO13:CS13,"X") -> 3 | DI13: P | DJ13: P | DK13: P | DL13: P | DM13: x | DN13: x | DZ13: X | EX13: X | EY13: X | EZ13: P | FB13: X | FF13: X | FG13: P | FH13: P | FI13: P | FJ13: X | FK13: X | FL13: X | FM13: X | FN13: P | FO13: P | GD13: x | GE13: x | GF13: x | GG13: x | GH13: x | GI13: P | GJ13: P | HC13: X | HD13: GKI | HE13: GKI | HF13: GKI | HM13: x | HN13: GKI | HQ13: X | IA13: X | IM13: o | IN13: o | IO13: x | IP13: x | IQ13: x | IR13: x | IS13: x | JJ13: x | JY13: B | JZ13: B | KA13: B | KB13: B | KX13: x | KY13: x | KZ13: x | LA13: x | MX13: kiszáll | MY13: x | MZ13: x | NA13: x | NB13: x | NC13: x | ND13: x | NE13: x | NF13: x | NG13: x | NH13: x | NI13: x | NJ13: x | NK13: x | NL13: indulás
A14: Csák László | B14: 36 | C14: =COUNTIF(F14:DX14,"x") -> 7 | D14: 18 | E14: =COUNTIF(JU14:NI14,"x") -> 9 | F14: =+B14-D14-E14 -> 9 | AR14: x | BN14: =COUNTIFS(G14:BM14,"x") -> 1 | CD14: X | CE14: X | CT14: =COUNTIF(BO14:CS14,"X") -> 2 | CU14: X | DM14: X | DV14: X | DW14: X | DX14: P | DY14: P | EN14: X | GD14: X | HF14: X | HM14: x | IY14: X | IZ14: X | JA14: P | JB14: P | JC14: X | JD14: X | JE14: X | JF14: X | JG14: X | NA14: x | NB14: x | NC14: x | ND14: x | NE14: x | NF14: x | NG14: x | NH14: x | NI14: x | NJ14: x | NK14: x | NL14: indulás
A15: Csicsai Gábor | B15: 32 | C15: =COUNTIF(F15:DX15,"x") -> 2 | D15: 14 | E15: =COUNTIF(JU15:NI15,"x") -> 20 | F15: =+B15-D15-E15 -> -2 | BC15: x | BN15: =COUNTIFS(G15:BM15,"x") -> 1 | CT15: =COUNTIF(BO15:CS15,"X") -> 0 | DB15: X | DI15: P | DJ15: P | DK15: P | DL15: P | ER15: P | ES15: P | ET15: P | EY15: P | FF15: X | FG15: P | FH15: P | FI15: P | GA15: ? | HF15: X | HG15: X | HH15: X | HI15: X | HJ15: X | HK15: P | HL15: P | HM15: X | HN15: X | HO15: X | HP15: X | HQ15: X | HR15: P | HS15: P | JU15: x | KX15: x | KY15: x | KZ15: x | LA15: x | LB15: x | LC15: x | LD15: x | LE15: x | LF15: x | MZ15: x | NA15: x | NB15: x | NC15: x | ND15: x | NE15: x | NF15: x | NG15: x | NH15: x | NI15: x | NJ15: x | NK15: x | NL15: jan 8 indul
A16: Dalanics Zsolt | B16: 35 | C16: =COUNTIF(F16:DX16,"x") -> 6 | D16: 10 | E16: =COUNTIF(JU16:NI16,"x") -> 3 | F16: =+B16-D16-E16 -> 22 | AH16: x | AZ16: x | BA16: x | BN16: =COUNTIFS(G16:BM16,"x") -> 3 | BO16: X | CF16: X | CT16: =COUNTIF(BO16:CS16,"X") -> 2 | CU16: X | DZ16: P | HC16: X | HN16: X | HX16: X | IA16: X | NB16: x | NC16: x | ND16: x | NH16: Szilveszterre ki tud menni
A17: Dallos Zoltán János | B17: 30 | C17: =COUNTIF(F17:DX17,"x") -> 5 | D17: 14 | E17: =COUNTIF(JU17:NI17,"x") -> 6 | F17: =+B17-D17-E17 -> 10 | AG17: B | AH17: B | AI17: B | AJ17: B | AK17: B | AL17: B | AM17: B | AN17: B | AU17: x | BI17: x | BN17: =COUNTIFS(G17:BM17,"x") -> 2 | BQ17: P | BX17: P | CE17: X | CF17: X | CT17: =COUNTIF(BO17:CS17,"X") -> 2 | DP17: X | FB17: ESTE | FF17: X | FG17: P | FH17: P | FI17: P | GA17: x | GV17: P | GW17: P | GX17: P | GY17: DU | IA17: X | IB17: X | IC17: X | ID17: X | IE17: X | IF17: P | IG17: P | IH17: X | MZ17: X | NA17: X | NB17: P | NC17: P | ND17: P | NE17: X | NF17: X | NG17: X | NH17: X | NI17: P | NJ17: indulás
A18: Dénes Gábor | B18: 22 | C18: =COUNTIF(F18:DX18,"x") -> 7 | D18: 22 | E18: =COUNTIF(JU18:NI18,"x") -> 10 | F18: =+B18-D18-E18 -> -10 | I18: X | J18: X | AR18: x | BN18: =COUNTIFS(G18:BM18,"x") -> 3 | CF18: P | CT18: =COUNTIF(BO18:CS18,"X") -> 0 | CU18: p | CX18: P | DK18: P | DL18: P | DM18: X | DN18: X | DO18: X | DP18: X | DQ18: P | DR18: P | EG18: X | EH18: X | FL18: P | FW18: X | GD18: X | GE18: X | GF18: X | GZ18: X | HE18: P | HF18: X | HG18: X | HH18: X | HI18: X | HJ18: X | HK18: P | HL18: P | HM18: X | HN18: X | HO18: X | HP18: X | HQ18: X | HR18: P | HS18: P | IA18: P | JF18: P | JG18: P | JU18: P | LX18: ADR | LY18: ADR | LZ18: ADR | MZ18: x | NA18: x | NB18: x | NC18: x | ND18: x | NE18: x | NF18: x | NG18: x | NH18: x | NI18: x | NJ18: x | NK18: x | NL18: x | NM18: x | NN18: x | NO18: x | NP18: 01.08-ig
A19: Desics László | B19: 30 | C19: =COUNTIF(F19:DX19,"x") -> 17 | D19: 23 | E19: =COUNTIF(JU19:NI19,"x") -> 8 | F19: =+B19-D19-E19 -> -1 | I19: x | J19: x | K19: x | L19: x | M19: x | P19: x | Q19: x | R19: x | S19: x | T19: B | W19: B | X19: B | Y19: B | Z19: B | AA19: B | AL19: x | AM19: x | BF19: x | BN19: =COUNTIFS(G19:BM19,"x") -> 12 | BV19: P | BW19: P | BX19: P | CE19: X | CF19: X | CT19: =COUNTIF(BO19:CS19,"X") -> 2 | DM19: X | DN19: X | DW19: X | DX19: INDUL | FP19: X | GH19: hozd haza szombatra mindenképp | GK19: H du tud indulni | HD19: P | HE19: P | HF19: x | HG19: x | HH19: x | HI19: x | HJ19: x | HK19: x | HL19: x | HM19: este már tud | HT19: X | IH19: x | IV19: X | NB19: x | NC19: x | ND19: x | NE19: x | NF19: x | NG19: x | NH19: x | NI19: x | NJ19: x | NK19: x | NL19: indulás
A20: Drozd Péter | B20: 30 | C20: =COUNTIF(F20:DX20,"x") -> 12 | D20: 26 | E20: =COUNTIF(JU20:NI20,"x") -> 5 | F20: =+B20-D20-E20 -> -1 | I20: X | J20: x | P20: x | Q20: x | W20: x | AL20: x | AR20: x | BM20: x | BN20: =COUNTIFS(G20:BM20,"x") -> 8 | CB20: P | CC20: P | CD20: P | CE20: P | CF20: P | CT20: =COUNTIF(BO20:CS20,"X") -> 0 | DK20: P | DL20: P | DM20: X | DN20: X | DO20: X | DP20: X | DZ20: P | EN20: P | FB20: P | FP20: X | GD20: X | GY20: X | GZ20: X | HA20: X | HB20: X | HC20: X | HD20: P | HE20: P | HF20: X | HG20: X | HH20: X | HI20: X | HJ20: X | HK20: P | HL20: P | IO20: P | NB20: P | NC20: P | ND20: P | NE20: X | NF20: X | NG20: X | NH20: X | NI20: x | NJ20: x | NK20: x | NL20: x | NM20: x | NN20: x | NO20: x
A21: Éliás Attila | B21: 36 | C21: =COUNTIF(F21:DX21,"x") -> 8 | D21: 27 | E21: =COUNTIF(JU21:NI21,"x") -> 10 | F21: =+B21-D21-E21 -> -1 | I21: X | J21: X | K21: X | AG21: x | AL21: x | AO21: x | AY21: x | BN21: =COUNTIFS(G21:BM21,"x") -> 7 | CB21: P | CC21: P | CT21: =COUNTIF(BO21:CS21,"X") -> 0 | DI21: P | DJ21: P | DK21: P | DL21: P | DM21: X | EN21: P | FB21: X | FF21: x | FG21: P | FH21: P | FI21: P | FJ21: x | FK21: x | FL21: x | FM21: x | FN21: P | FO21: P | HA21: X | HB21: x | HC21: x | HD21: o | HE21: o | HM21: X | HV21: X | HW21: x | HX21: x | HY21: o | HZ21: o | IS21: P | IT21: o | IU21: o | IV21: x | IW21: x | IX21: x | IY21: x | IZ21: x | JC21: x | JD21: x | JE21: x | MZ21: x | NA21: x | NB21: x | NC21: x | ND21: x | NE21: x | NF21: x | NG21: x | NH21: x | NI21: x | NJ21: x | NK21: indulás
A22: Falusi Ferenc Sándor | B22: 30 | C22: =COUNTIF(F22:DX22,"x") -> 15 | D22: 23 | E22: =COUNTIF(JU22:NI22,"x") -> 7 | F22: =+B22-D22-E22 -> 0 | I22: X | AD22: x | AO22: x | AR22: x | BC22: x | BF22: x | BN22: =COUNTIFS(G22:BM22,"x") -> 6 | BU22: X | CD22: X | CE22: X | CF22: X | CI22: X | CT22: =COUNTIF(BO22:CS22,"X") -> 5 | CU22: X | CX22: X | DB22: X | DJ22: P | DK22: P | DL22: P | DW22: X | EC22: x | ED22: x | EE22: ADR | EF22: ADR | EK22: X | EL22: P | EM22: P | EN22: X | EX22: x | EY22: x | FB22: x | FC22: x | FP22: X | GA22: X | GD22: X | HC22: X | HF22: X | HM22: X | IL22: x | IO22: x | JC22: X | JN22: x | MF22: x | MI22: x | NA22: x | NB22: x | NC22: x | ND22: ha 26 hétfő este el tudjuk indulni és 30-ra haza tudjuk hozni akkor kimegy | NH22: x | NI22: x | NJ22: x | NK22: x | NL22: x | NM22: x | NN22: x | NO22: x
A23: Farkas Bálint | B23: 7 | D23: 0 | E23: =COUNTIF(JU23:NI23,"x") -> 18 | F23: =+B23-D23-E23 -> -11 | JC23: x | JQ23: X | JR23: x | JS23: x | JT23: x | JU23: x | KZ23: X | LA23: X | LB23: induló | MU23: X | MV23: x | MW23: x | MX23: x | MY23: x | MZ23: x | NA23: x | NB23: x | NC23: x | ND23: x | NE23: x | NF23: x | NG23: x | NH23: x | NI23: x | NJ23: x | NK23: indulás
A24: Farkas Rudolf Attila | B24: 29 | C24: =COUNTIF(F24:DX24,"x") -> 12 | D24: 25 | E24: =COUNTIF(JU24:NI24,"x") -> 14 | F24: =+B24-D24-E24 -> -10 | W24: x | AV24: x | AW24: o | AX24: o | AY24: x | BM24: x | BN24: =COUNTIFS(G24:BM24,"x") -> 4 | BY24: X | BZ24: P | CA24: P | CB24: P | CC24: P | CD24: X | CE24: X | CF24: X | CR24: B | CS24: B | CT24: =COUNTIF(BO24:CS24,"X") -> 4 | CU24: B | CV24: B | CW24: B | DI24: P | DJ24: P | DK24: P | DL24: P | DM24: X | DN24: X | DO24: X | DP24: X | DQ24: P | DR24: P | ED24: x | EU24: x | EV24: x | FF24: X | FG24: P | FH24: P | FI24: P | FJ24: DU | FW24: P | GB24: P | GC24: P | GD24: X | GE24: X | GF24: X | GG24: X | GH24: X | GI24: P | GJ24: P | GK24: X | GL24: X | GM24: X | GN24: X | GO24: X | GP24: P | GQ24: P | HC24: X | HQ24: P | IE24: x | IF24: P | IG24: P | IH24: x | IS24: x | IT24: P | IU24: P | IV24: x | IW24: x | IX24: x | IY24: x | IZ24: x | JA24: P | JB24: P | JC24: x | JD24: x | JS24: X | JT24: X | JU24: X | KU24: x | KV24: x | KW24: x | KX24: x | KY24: x | KZ24: x | LA24: x | MZ24: X | NA24: X | NB24: P | NC24: P | ND24: P | NE24: X | NF24: X | NG24: X | NH24: X | NI24: P | NJ24: P | NK24: P | NL24: indulás
A25: Fehér Imre | B25: 32 | C25: =COUNTIF(F25:DX25,"x") -> 6 | D25: 21 | E25: =COUNTIF(JU25:NI25,"x") -> 11 | F25: =+B25-D25-E25 -> 0 | I25: X | J25: X | K25: X | L25: X | M25: X | BN25: =COUNTIFS(G25:BM25,"x") -> 5 | BZ25: P | CA25: P | CB25: P | CC25: P | CT25: =COUNTIF(BO25:CS25,"X") -> 0 | DJ25: P | DK25: P | DL25: P | DP25: X | EL25: P | EM25: P | HD25: P | HE25: P | HF25: X | HG25: X | HH25: X | HI25: X | HJ25: X | HK25: P | HL25: P | HM25: X | HN25: X | HO25: X | HP25: X | HQ25: X | HR25: P | HS25: P | JQ25: x | JR25: x | JS25: x | JT25: x | JU25: x | JX25: hétfői induló | MZ25: X | NA25: X | NB25: X | NC25: X | ND25: X | NE25: X | NF25: X | NG25: X | NH25: X | NI25: X | NJ25: X | NK25: indulás
A26: Fehér Róbert | B26: 24 | C26: =COUNTIF(F26:DX26,"x") -> 6 | D26: 21 | E26: =COUNTIF(JU26:NI26,"x") -> 11 | F26: =+B26-D26-E26 -> -8 | I26: X | J26: X | K26: X | L26: X | M26: X | BN26: =COUNTIFS(G26:BM26,"x") -> 5 | BZ26: P | CA26: P | CB26: P | CC26: P | CT26: =COUNTIF(BO26:CS26,"X") -> 0 | DJ26: P | DK26: P | DL26: P | DP26: X | EL26: P | EM26: P | HD26: P | HE26: P | HF26: X | HG26: X | HH26: X | HI26: X | HJ26: X | HK26: P | HL26: P | HM26: X | HN26: X | HO26: X | HP26: X | HQ26: X | HR26: P | HS26: P | JQ26: x | JR26: x | JS26: x | JT26: x | JU26: x | JX26: hétfői induló | MZ26: X | NA26: X | NB26: X | NC26: X | ND26: X | NE26: X | NF26: X | NG26: X | NH26: X | NI26: X | NJ26: X | NK26: indulás
A27: Fenyvesi Zsolt | B27: 32 | C27: =COUNTIF(F27:DX27,"x") -> 10 | D27: 26 | E27: =COUNTIF(JU27:NI27,"x") -> 5 | F27: =+B27-D27-E27 -> 1 | I27: X | J27: X | K27: X | L27: X | M27: X | P27: x | Q27: x | AD27: x | AE27: x | BN27: =COUNTIFS(G27:BM27,"x") -> 9 | BR27: P | BY27: P | BZ27: P | CA27: P | CB27: P | CC27: P | CD27: P | CE27: P | CT27: =COUNTIF(BO27:CS27,"X") -> 0 | DB27: P | DS27: X | EK27: P | EY27: P | FW27: X | FY27: P | GY27: X | GZ27: X | HF27: X | JG27: x | JH27: o | JI27: o | JJ27: x | JK27: x | JL27: x | JM27: x | JN27: x | JO27: o | JP27: o | JQ27: x | JR27: x | JS27: x | JT27: x | JU27: x | JV27: o | JW27: o | NB27: x | NC27: x | ND27: x | NI27: x | NJ27: x | NK27: x | NL27: x | NM27: x | NN27: x | NO27: x | NP27: 01.07. indulás
A28: Fodor Károly | B28: 35 | C28: =COUNTIF(F28:DX28,"x") -> 9 | D28: 23 | E28: =COUNTIF(JU28:NI28,"x") -> 10 | F28: =+B28-D28-E28 -> 2 | I28: X | J28: X | K28: X | L28: X | AK28: x | BF28: X | BG28: X | BN28: =COUNTIFS(G28:BM28,"x") -> 7 | BU28: B | BV28: B | BW28: B | BX28: B | BY28: B | BZ28: B | CA28: B | CB28: B | CC28: B | CD28: B | CE28: B | CF28: B | CG28: B | CH28: B | CI28: X | CJ28: X | CT28: =COUNTIF(BO28:CS28,"X") -> 2 | CX28: P | CY28: P | DI28: P | DJ28: P | DK28: P | DL28: P | DZ28: x | EA28: x | EN28: X | EO28: X | FI28: P | FJ28: X | FK28: X | FL28: X | FM28: X | FN28: P | FO28: P | FP28: X | FQ28: X | FR28: X | FS28: X | FT28: X | FU28: P | FV28: P | FW28: X | GK28: X | GL28: X | GY28: X | GZ28: X | HM28: X | HN28: X | IA28: X | IO28: x | JC28: X | KB28: B | KC28: B | KD28: B | KE28: B | KF28: B | KG28: B | KH28: B | KI28: B | KJ28: B | KK28: B | KL28: B | KM28: B | MZ28: x | NA28: x | NB28: x | NC28: x | ND28: x | NE28: x | NF28: x | NG28: x | NH28: x | NI28: x | NJ28: x | NK28: x | NL28: x | NM28: x | NN28: x | NO28: indulás
A29: Fodor Zsolt | B29: 30 | C29: =COUNTIF(F29:DX29,"x") -> 12 | D29: 16 | E29: =COUNTIF(JU29:NI29,"x") -> 10 | F29: =+B29-D29-E29 -> 4 | I29: X | J29: X | K29: X | L29: X | Z29: x | AA29: x | AD29: x | AE29: x | AF29: x | AG29: x | AH29: x | AI29: o | AJ29: o | AK29: x | AL29: P | AM29: P | AN29: P | AO29: P | AP29: P | AQ29: P | AR29: P | AS29: P | AT29: P | AU29: P | AV29: P | AY29: P | AZ29: P | BA29: P | BB29: P | BC29: P | BF29: P | BG29: P | BH29: P | BN29: =COUNTIFS(G29:BM29,"x") -> 12 | BZ29: P | CA29: P | CB29: P | CC29: P | CP29: P | CT29: =COUNTIF(BO29:CS29,"X") -> 0 | DE29: P | DF29: P | DS29: P | DT29: P | EG29: X | EU29: x | FP29: X | GD29: X | GE29: X | GR29: X | GS29: X | HB29: P | HC29: P | HF29: P | HT29: ? | HU29: X | IO29: x | JJ29: X | JK29: X | JL29: B | JM29: B | JN29: B | JQ29: B | JR29: B | JS29: B | JT29: B | JU29: B | MZ29: x | NA29: x | NB29: x | NC29: x | ND29: x | NE29: x | NF29: x | NG29: x | NH29: x | NI29: x | NJ29: x | NK29: x | NL29: x | NM29: x | NN29: x | NO29: indulás
A30: Gáli Zoltán Péter | B30: 12 | D30: 6 | E30: =COUNTIF(JU30:NI30,"x") -> 11 | F30: =+B30-D30-E30 -> -5 | IA30: x | IB30: x | IC30: x | ID30: x | IE30: x | IF30: x | IG30: x | IX30: temetés | KA30: ADR | KB30: ADR | KC30: ADR | KD30: ADR | MY30: x | MZ30: x | NA30: x | NB30: x | NC30: x | ND30: x | NE30: x | NF30: x | NG30: x | NH30: x | NI30: x | NJ30: x | NK30: x | NL30: indulás
A31: Giber Zoltán | B31: 34 | C31: =COUNTIF(F31:DX31,"x") -> 9 | D31: 25 | E31: =COUNTIF(JU31:NI31,"x") -> 9 | F31: =+B31-D31-E31 -> 0 | L31: X | S31: x | Z31: x | AG31: x | AN31: P | AT31: P | AU31: P | BB31: P | BI31: P | BN31: =COUNTIFS(G31:BM31,"x") -> 4 | BQ31: P | BX31: P | CE31: P | CL31: P | CS31: P | CT31: =COUNTIF(BO31:CS31,"X") -> 0 | CZ31: X | DA31: X | DH31: X | DV31: X | DW31: X | DX31: P | DY31: P | DZ31: X | EA31: X | EB31: X | EC31: X | EJ31: X | EQ31: P | EW31: P | EX31: P | FR31: X | FS31: X | GA31: X | GG31: X | GN31: X | GU31: X | HB31: P | HC31: P | HF31: P | HG31: P | HH31: P | HQ31: P | HR31: ESKÜVŐ | HS31: P | HV31: X | HW31: X | ID31: P | IR31: X | IX31: x | IY31: x | IZ31: x | JA31: x | JB31: x | JC31: x | JD31: x | JE31: x | JF31: x | MY31: x | MZ31: x | NA31: x | NB31: x | NC31: x | ND31: x | NE31: x | NF31: x | NG31: x | NH31: indulás
A32: Glázer János | B32: 34 | C32: =COUNTIF(F32:DX32,"x") -> 3 | D32: 14 | E32: =COUNTIF(JU32:NI32,"x") -> 8 | F32: =+B32-D32-E32 -> 12 | BN32: =COUNTIFS(G32:BM32,"x") -> 0 | CD32: X | CT32: =COUNTIF(BO32:CS32,"X") -> 1 | CU32: X | DB32: X | DI32: P | DJ32: P | DK32: P | DL32: P | EK32: X | EY32: x | FL32: x | FM32: x | HE32: o | HF32: x | HG32: x | HH32: x | HI32: x | HJ32: x | HK32: o | HQ32: X | IA32: X | KL32: B | KM32: B | KN32: B | KO32: B | KP32: B | KQ32: B | KS32: B | KT32: B | KU32: B | KV32: B | KW32: B | KX32: B | KY32: B | KZ32: B | LA32: B | LB32: B | LC32: B | LD32: B | LE32: B | LF32: B | LG32: B | LH32: B | LI32: B | LJ32: B | LK32: B | NB32: x | NC32: x | ND32: x | NE32: x | NF32: x | NG32: x | NH32: x | NI32: x | NJ32: indulás
A33: Gonda Róbert | B33: 40 | C33: =COUNTIF(F33:DX33,"x") -> 6 | D33: 10 | E33: =COUNTIF(JU33:NI33,"x") -> 12 | F33: =+B33-D33-E33 -> 18 | AA33: x | BM33: x | BN33: =COUNTIFS(G33:BM33,"x") -> 2 | CD33: X | CI33: X | CR33: X | CT33: =COUNTIF(BO33:CS33,"X") -> 3 | CY33: X | DE33: P | DI33: P | DJ33: P | DK33: P | DL33: P | EC33: x | ED33: x | HC33: X | JY33: GKI | KS33: GKI | KT33: GKI | KU33: GKI | MX33: x | MY33: x | MZ33: x | NA33: x | NB33: x | NC33: x | ND33: x | NE33: x | NF33: x | NG33: x | NH33: x | NI33: x | NJ33: vasárnapi induló
A34: Gerstmayer Zoltán | B34: 30 | C34: =COUNTIF(F34:DX34,"x") -> 9 | D34: 22 | E34: =COUNTIF(JU34:NI34,"x") -> 18 | F34: =+B34-D34-E34 -> -10 | AH34: x | AY34: B | AZ34: B | BA34: B | BB34: B | BC34: B | BD34: P | BE34: P | BF34: B | BG34: B | BH34: B | BI34: B | BJ34: B | BN34: =COUNTIFS(G34:BM34,"x") -> 1 | BR34: X | BX34: X | CD34: X | CE34: X | CF34: X | CT34: =COUNTIF(BO34:CS34,"X") -> 5 | CU34: X | DI34: P | DJ34: P | DK34: P | DL34: P | DM34: X | DN34: X | EC34: x | ED34: x | EN34: P | ER34: x | EX34: P | EY34: P | FE34: X | FF34: X | FG34: P | FH34: P | FI34: P | FJ34: X | FK34: X | FX34: X | GF34: X | GG34: X | GH34: X | GI34: P | GJ34: P | GK34: X | GL34: X | GM34: X | GN34: X | HC34: X | HI34: x | HP34: DOKI | IA34: P | IL34: P | IV34: P | IW34: P | JN34: x | JO34: Esküvő | KQ34: x | KR34: x | KS34: x | KT34: x | KU34: x | KV34: x | KW34: x | KX34: x | KY34: x | NA34: x | NB34: x | NC34: x | ND34: x | NE34: x | NF34: x | NG34: x | NH34: x | NI34: x | NJ34: x | NK34: indulás
A35: Hallók Gábor | B35: 35 | C35: =COUNTIF(F35:DX35,"x") -> 7 | D35: 18 | E35: =COUNTIF(JU35:NI35,"x") -> 8 | F35: =+B35-D35-E35 -> 9 | I35: x | W35: x | BN35: =COUNTIFS(G35:BM35,"x") -> 2 | BO35: X | BZ35: P | CA35: P | CB35: P | CC35: P | CD35: X | CE35: X | CN35: X | CT35: =COUNTIF(BO35:CS35,"X") -> 4 | DB35: X | EU35: x | FM35: X | FN35: P | FO35: P | FP35: X | FQ35: X | FR35: X | FS35: X | FT35: X | FU35: P | FV35: P | FW35: X | FX35: X | FY35: X | FZ35: X | GH35: ? | GV35: X | HQ35: X | IS35: P? | KL35: X | KZ35: X | LA35: X | LB35: x | LC35: X | LD35: pénteki induló | NA35: x | NB35: x | NC35: x | ND35: 26-tól, tud újra kezdeni és szilveszterre is kimegy
A36: Hamecz Zsolt | B36: 44 | C36: =COUNTIF(F36:DX36,"x") -> 7 | D36: 23 | E36: =COUNTIF(JU36:NI36,"x") -> 10 | F36: =+B36-D36-E36 -> 11 | AO36: X | BN36: =COUNTIFS(G36:BM36,"x") -> 1 | BO36: X | BT36: P | BU36: X | BV36: X | BW36: X | BX36: X | BY36: X | CT36: =COUNTIF(BO36:CS36,"X") -> 6 | DI36: P | DJ36: P | DK36: P | DL36: P | EY36: x | EZ36: P | FB36: X | FC36: X | FD36: X | FE36: X | FF36: X | FG36: P | FH36: P | FI36: P | GR36: x | GS36: x | GT36: x | GU36: x | GV36: x | HC36: X | HU36: x | HV36: x | HW36: x | HX36: x | KL36: X | KM36: GKI | NA36: x | NB36: x | NC36: x | ND36: x | NE36: x | NF36: x | NG36: x | NH36: x | NI36: x | NJ36: x | NK36: hétfői indulás
A37: Hamecz Zsoltné Timi | B37: 41 | C37: =COUNTIF(F37:DX37,"x") -> 7 | D37: 23 | E37: =COUNTIF(JU37:NI37,"x") -> 10 | F37: =+B37-D37-E37 -> 8 | AO37: X | BN37: =COUNTIFS(G37:BM37,"x") -> 1 | BO37: X | BT37: P | BU37: X | BV37: X | BW37: X | BX37: X | BY37: X | CT37: =COUNTIF(BO37:CS37,"X") -> 6 | DI37: P | DJ37: P | DK37: P | DL37: P | EY37: x | EZ37: P | FB37: X | FC37: X | FD37: X | FE37: X | FF37: X | FG37: P | FH37: P | FI37: P | GR37: x | GS37: x | GT37: x | GU37: x | GV37: x | HC37: X | HU37: x | HV37: x | HW37: x | HX37: x | KL37: X | KM37: GKI | NA37: x | NB37: x | NC37: x | ND37: x | NE37: x | NF37: x | NG37: x | NH37: x | NI37: x | NJ37: x | NK37: hétfői indulás
A38: Hanzi György Lehel | B38: 28 | C38: =COUNTIF(F38:DX38,"x") -> 10 | D38: 21 | E38: =COUNTIF(JU38:NI38,"x") -> 10 | F38: =+B38-D38-E38 -> -3 | I38: X | P38: x | T38: x | AO38: X | AV38: x | BF38: x | BN38: =COUNTIFS(G38:BM38,"x") -> 6 | BP38: X | BQ38: X | BR38: X | BU38: X | CE38: P | CF38: P | CT38: =COUNTIF(BO38:CS38,"X") -> 4 | DJ38: P | DK38: P | EG38: P | ER38: P | EZ38: GKI | FB38: GKI | FL38: X | FM38: x | FT38: X | GD38: X | GK38: X | GN38: x | GO38: x | GP38: P | GQ38: P | GR38: x | GS38: x | GT38: x | GU38: x | GV38: x | GW38: P | GX38: P | GY38: x | GZ38: x | IW38: X | JN38: x | KL38: X | NA38: x | NB38: x | NC38: x | ND38: x | NE38: x | NF38: x | NG38: x | NH38: x | NI38: x | NJ38: x | NK38: x | NL38: x | NM38: x | NN38: x
A39: Heizer Zsolt | B39: 30 | C39: =COUNTIF(F39:DX39,"x") -> 9 | D39: 27 | E39: =COUNTIF(JU39:NI39,"x") -> 10 | F39: =+B39-D39-E39 -> -7 | Y39: x | AD39: x | AO39: X | AV39: X | BN39: =COUNTIFS(G39:BM39,"x") -> 4 | BS39: P | CE39: X | CF39: X | CI39: X | CM39: X | CN39: X | CT39: =COUNTIF(BO39:CS39,"X") -> 5 | DA39: P | DJ39: P | DK39: P | DL39: P | EJ39: ADR | EK39: ADR | EL39: ADR | EM39: ADR | EN39: X | EY39: P | GS39: P | GT39: P | GV39: X | GW39: P | GX39: P | GY39: X | GZ39: X | HR39: P | HS39: P | HT39: X | HU39: X | HV39: X | HW39: X | HX39: X | HY39: P | HZ39: P | IA39: X | IB39: X | IC39: X | ID39: X | IE39: X | IF39: P | IG39: P | IH39: x | IZ39: P | JN39: x | MZ39: x | NA39: x | NB39: x | NC39: x | ND39: x | NE39: x | NF39: x | NG39: x | NH39: x | NI39: x | NJ39: x | NK39: Hétfői indulás
A40: Hemmerlein Zoltán | B40: 30 | C40: =COUNTIF(F40:DX40,"x") -> 9 | D40: 24 | E40: =COUNTIF(JU40:NI40,"x") -> 10 | F40: =+B40-D40-E40 -> -4 | I40: X | AV40: X | BD40: P | BJ40: x | BN40: =COUNTIFS(G40:BM40,"x") -> 3 | BY40: X | CM40: X | CN40: X | CT40: =COUNTIF(BO40:CS40,"X") -> 3 | DA40: X | DB40: X | DJ40: P | DK40: P | DW40: x | ED40: X | ER40: X | EX40: x | EY40: x | GE40: X | GF40: X | GG40: X | GH40: X | GI40: P | GJ40: P | GV40: P | GW40: P | GX40: P | HJ40: x | HX40: X | IA40: X | IB40: X | IZ40: X | JL40: x | JM40: x | JN40: x | JO40: x | JP40: x | LJ40: x | LK40: x | LL40: x | LM40: x | MZ40: x | NA40: x | NB40: x | NC40: x | ND40: x | NE40: mennének egy kanyart két ünnep között | NI40: x | NJ40: x | NK40: indulás
A41: Hollósi László Lajos | B41: 15 | C41: =COUNTIF(F41:DX41,"x") -> 7 | D41: 0 | E41: =COUNTIF(JU41:NI41,"x") -> 8 | F41: =+B41-D41-E41 -> 7 | BM41: x | BN41: =COUNTIFS(G41:BM41,"x") -> 1 | BO41: X | BP41: X | BQ41: X | BR41: X | BS41: P | BT41: P | BU41: X | BV41: X | CT41: =COUNTIF(BO41:CS41,"X") -> 6 | DJ41: P | DK41: P | DL41: P | DS41: P | DT41: P | DU41: P | DV41: P | DW41: P | DZ41: P | EA41: P | EB41: P | EC41: P | ED41: P | EG41: P | EH41: P | EI41: P | EJ41: P | EK41: P | EL41: P | EM41: P | EN41: P | EO41: P | EP41: P | EQ41: P | ER41: P | ES41: P | ET41: P | EU41: P | EV41: P | EW41: P | EX41: P | EY41: P | EZ41: P | FB41: P | FC41: P | FD41: P | FE41: P | FF41: P | FG41: P | FH41: P | FI41: P | FJ41: P | FK41: P | FL41: P | FM41: P | FN41: P | FO41: P | FP41: P | FQ41: P | FR41: P | FS41: P | FT41: P | FU41: P | FV41: P | FW41: P | FX41: P | FY41: P | FZ41: P | GA41: P | GB41: P | GC41: P | GR41: P | GS41: P | GT41: P | GU41: P | GV41: P | GW41: P | GX41: P | GY41: P | GZ41: P | HA41: P | HB41: P | HC41: P | HD41: P | HE41: P | HT41: P | HU41: P | HV41: P | HW41: P | HX41: P | HY41: P | HZ41: P | IA41: P | IB41: P | IC41: P | ID41: P | IE41: P | IF41: P | IG41: P | NB41: x | NC41: x | ND41: x | NE41: x | NF41: x | NG41: x | NH41: x | NI41: x | NJ41: x | NK41: január 9 kezd csak
A42: Horváth Ferenc | B42: 30 | C42: =COUNTIF(F42:DX42,"x") -> 9 | D42: 17 | E42: =COUNTIF(JU42:NI42,"x") -> 17 | F42: =+B42-D42-E42 -> -4 | I42: x | J42: x | K42: x | L42: x | M42: x | P42: x | AH42: x | BF42: x | BN42: =COUNTIFS(G42:BM42,"x") -> 8 | BZ42: P | CA42: P | CB42: P | CC42: P | CT42: =COUNTIF(BO42:CS42,"X") -> 0 | DF42: P | DI42: P | DJ42: P | DK42: P | DL42: P | DS42: X | DX42: P | DY42: P | EK42: X | EU42: x | FP42: X | FT42: X | HC42: X | HJ42: x | IA42: X | IB42: X | IC42: X | ID42: X | IE42: X | IF42: P | IG42: P | KE42: Pihenő / esti indulás | KX42: x | KY42: x | KZ42: x | LA42: x | LB42: x | LC42: x | LD42: x | LE42: x | LF42: vasranpi induló | NA42: x | NB42: x | NC42: x | ND42: x | NE42: x | NF42: x | NG42: x | NH42: x | NI42: x | NJ42: x | NK42: indulás
A43: Horváth István | B43: 41 | C43: =COUNTIF(F43:DX43,"x") -> 5 | D43: 12 | E43: =COUNTIF(JU43:NI43,"x") -> 0 | F43: =+B43-D43-E43 -> 29 | S43: x | T43: x | Y43: x | AN43: x | BN43: =COUNTIFS(G43:BM43,"x") -> 4 | CI43: X | CT43: =COUNTIF(BO43:CS43,"X") -> 1 | ER43: X | EY43: x | GD43: X | HA43: rendőrség | HN43: X | HO43: X | ND43: indulás este
A44: Hrasztics Tamás | B44: 30 | C44: =COUNTIF(F44:DX44,"x") -> 16 | D44: 30 | E44: =COUNTIF(JU44:NI44,"x") -> 10 | F44: =+B44-D44-E44 -> -10 | I44: x | J44: x | P44: x | Z44: x | AA44: x | AB44: o | AD44: x | AN44: B | AO44: B | AP44: B | AQ44: B | AT44: x | AU44: x | AV44: x | AW44: o | AX44: o | BF44: x | BN44: =COUNTIFS(G44:BM44,"x") -> 10 | BO44: X | BR44: X | BZ44: P | CA44: P | CB44: P | CC44: P | CJ44: X | CT44: =COUNTIF(BO44:CS44,"X") -> 3 | DE44: P | DI44: P | DJ44: P | DK44: P | DL44: P | DM44: X | DN44: X | DS44: X | ED44: X | EN44: P | ER44: X | ES44: p | ET44: P | EU44: X | EV44: x | EW44: x | FG44: P | FH44: P | FI44: P | FJ44: X | FP44: X | GK44: X | GY44: X | HC44: P | HD44: P | HE44: P | HF44: X | HG44: X | HH44: X | HI44: X | HJ44: X | HK44: P | HL44: P | HM44: X | HN44: X | HO44: X | HP44: X | HQ44: X | HR44: P | HS44: P | IS44: x | JG44: P | MZ44: x | NA44: x | NB44: x | NC44: x | ND44: x | NE44: x | NF44: x | NG44: x | NH44: x | NI44: x | NJ44: x | NK44: hétfői indulás
A45: Iklódi Sándor | B45: 31 | C45: =COUNTIF(F45:DX45,"x") -> 3 | D45: 11 | E45: =COUNTIF(JU45:NI45,"x") -> 10 | F45: =+B45-D45-E45 -> 10 | AL45: x | AO45: x | BN45: =COUNTIFS(G45:BM45,"x") -> 2 | CB45: P | CT45: =COUNTIF(BO45:CS45,"X") -> 0 | CU45: X | DI45: P | DJ45: P | DK45: P | EK45: X | GH45: x | GI45: P | GJ45: P | GK45: x | GL45: x | GM45: x | GN45: x | GO45: x | GP45: P | GR45: X | IR45: x | IS45: x | IT45: x | ML45: x | MM45: x | NB45: x | NC45: x | ND45: x | NE45: x | NF45: x | NG45: x | NH45: x | NI45: x | NJ45: x | NK45: este indul
A46: Iván Árpád Krisztián | B46: 34 | C46: =COUNTIF(F46:DX46,"x") -> 5 | D46: 14 | E46: =COUNTIF(JU46:NI46,"x") -> 17 | F46: =+B46-D46-E46 -> 3 | BN46: =COUNTIFS(G46:BM46,"x") -> 0 | CB46: P | CF46: X | CT46: =COUNTIF(BO46:CS46,"X") -> 1 | CZ46: X | DA46: X | DB46: X | DC46: P | DD46: P | DE46: X | DI46: P | DJ46: P | DK46: P | DL46: P | EJ46: x | EK46: x | EL46: ADR | FS46: x | FT46: P | GM46: x | GN46: x | GO46: x | GP46: P | GQ46: P | GR46: x | GS46: x | KZ46: x | LA46: x | LB46: x | LC46: x | LD46: x | LE46: x | LF46: x | LG46: x | LH46: x | LI46: x | LJ46: x | LK46: x | LL46: x | LM46: vasárnapi indulás | NB46: P | NC46: P | ND46: P | NE46: x | NF46: x | NG46: x | NH46: x | NI46: P | NJ46: indulás
A47: Izsáki László | B47: 30 | C47: =COUNTIF(F47:DX47,"x") -> 2 | D47: 15 | E47: =COUNTIF(JU47:NI47,"x") -> 14 | F47: =+B47-D47-E47 -> 1 | Z47: x | AA47: X | BN47: =COUNTIFS(G47:BM47,"x") -> 2 | CB47: P | CT47: =COUNTIF(BO47:CS47,"X") -> 0 | DJ47: P | DK47: P | DL47: P | EX47: x | EY47: x | FB47: x | FO47: P | FP47: X | FQ47: X | FR47: X | FS47: X | FT47: X | FU47: P | FV47: P | FW47: X | FX47: X | FY47: X | FZ47: X | GA47: X | GB47: P | HI47: X | KE47: B | KF47: B | KG47: B | KH47: B | MB47: X | MW47: x | MX47: x | MY47: x | MZ47: x | NA47: x | NB47: x | NC47: x | ND47: x | NE47: x | NF47: x | NG47: x | NH47: x | NI47: x | NJ47: x | NK47: x | NL47: indulás
A48: Jakab Géza | B48: 30 | C48: =COUNTIF(F48:DX48,"x") -> 6 | D48: 30 | E48: =COUNTIF(JU48:NI48,"x") -> 10 | F48: =+B48-D48-E48 -> -10 | I48: X | S48: x | T48: x | AH48: x | AU48: B | AV48: B | AY48: B | AZ48: B | BA48: B | BB48: B | BC48: B | BN48: =COUNTIFS(G48:BM48,"x") -> 4 | BQ48: P | BR48: P | BS48: P | BT48: P | CB48: P | CC48: P | CS48: P | CT48: =COUNTIF(BO48:CS48,"X") -> 0 | CU48: P | DH48: X | DI48: P | DJ48: P | DK48: P | DL48: P | DM48: X | DV48: P | EI48: X | EJ48: X | EK48: X | EL48: P | EM48: P | EN48: X | EO48: X | EP48: X | EQ48: X | ER48: X | ES48: P | ET48: P | FK48: B | FL48: B | FM48: B | GA48: X | GO48: X | GY48: X | GZ48: X | HB48: X | HT48: X | HU48: X | HV48: X | HW48: X | HX48: X | HY48: P | HZ48: P | IS48: x | IT48: o | IU48: o | IV48: X | IW48: X | IX48: X | IY48: X | IZ48: X | JA48: 0 | JB48: 0 | JC48: X | JD48: X | JE48: X | KZ48: x | LA48: x | MX48: x | MY48: x | MZ48: x | NA48: x | NB48: P | NC48: P | ND48: P | NE48: x | NF48: x | NG48: x | NH48: x | NM48: indulás
A49: Judik Lajos | MX49: kiszáll | MY49: x | MZ49: x | NA49: x | NB49: x | NC49: x | ND49: x | NF49: ha ég a ház bejön | NI49: x | NJ49: x | NK49: indulás
A50: Kaiser Tamás | B50: 13 | D50: 5 | E50: =COUNTIF(JU50:NI50,"x") -> 13 | F50: =+B50-D50-E50 -> -5 | HM50: X | HT50: P | JD50: X | JE50: X | JF50: X | JG50: X | JH50: 0 | JI50: 0 | LX50: ADR | LY50: ADR | LZ50: ADR | MW50: x | MX50: x | MY50: x | MZ50: x | NA50: x | NB50: x | NC50: x | ND50: x | NE50: x | NF50: x | NG50: x | NH50: x | NI50: x | NJ50: x | NK50: Hétfői indulás
A51: Kálhok Balázs | B51: 13 | D51: 5 | E51: =COUNTIF(JU51:NI51,"x") -> 9 | F51: =+B51-D51-E51 -> -1 | HM51: X | HT51: P | JD51: X | JE51: X | JF51: X | JG51: X | JH51: 0 | JI51: 0 | LX51: ADR | LY51: ADR | LZ51: ADR | NA51: x | NB51: x | NC51: x | ND51: x | NE51: x | NF51: x | NG51: x | NH51: x | NI51: x | NJ51: x | NK51: Hétfői indulás
A52: Kálmán János | B52: 40 | C52: =COUNTIF(F52:DX52,"x") -> 13 | D52: 21 | E52: =COUNTIF(JU52:NI52,"x") -> 10 | F52: =+B52-D52-E52 -> 9 | I52: X | J52: X | AR52: x | BA52: x | BB52: x | BC52: x | BD52: o | BE52: o | BF52: x | BM52: x | BN52: =COUNTIFS(G52:BM52,"x") -> 8 | BU52: X | CF52: X | CI52: X | CP52: X | CT52: =COUNTIF(BO52:CS52,"X") -> 4 | CV52: P | DE52: X | FR52: X | FS52: X | FT52: X | FU52: P | FV52: P | GA52: X | GB52: P | GC52: P | HH52: X | HI52: X | HJ52: X | HK52: P | HL52: P | HM52: DU | HX52: X | IL52: ADR | IM52: ADR | JN52: x | KW52: x | NA52: x | NB52: x | NC52: x | ND52: x | NE52: x | NF52: x | NG52: x | NH52: x | NI52: x | NJ52: x | NK52: x | NL52: ind
A53: Kántor Sándor | B53: 30 | C53: =COUNTIF(F53:DX53,"x") -> 10 | D53: 13 | E53: =COUNTIF(JU53:NI53,"x") -> 0 | F53: =+B53-D53-E53 -> 17 | I53: X | J53: X | K53: X | L53: X | S53: x | Z53: x | AN53: P | AU53: P | BB53: x | BI53: x | BN53: =COUNTIFS(G53:BM53,"x") -> 8 | BQ53: P | BX53: P | CE53: P | CL53: P | CS53: P | CT53: =COUNTIF(BO53:CS53,"X") -> 0 | DH53: x | DV53: x | EC53: P | EI53: P | EJ53: P | EQ53: P | EX53: P | FS53: P | FT53: P | GA53: B | GB53: B | GC53: B | GD53: B | GE53: B | GF53: B | GG53: B | GH53: B | GI53: B | GJ53: B | GK53: B | GL53: B | GM53: B | GN53: B | GO53: B | GR53: B | GS53: B | GT53: B | GU53: B | GV53: B | GY53: B | GZ53: B | HA53: B | HB53: B | HC53: B | HF53: B | HG53: B | HH53: B | HI53: B | HM53: B | HN53: B | HO53: B | HP53: B | HQ53: B | HT53: B | HU53: B | HV53: B | HW53: B | HX53: B | IA53: B | IB53: B | IC53: B | ID53: DOKI | IE53: B | IH53: B | II53: B | IJ53: B | IK53: B | IL53: B
A54: Kata József | B54: 35 | C54: =COUNTIF(F54:DX54,"x") -> 9 | D54: 22 | E54: =COUNTIF(JU54:NI54,"x") -> 22 | F54: =+B54-D54-E54 -> -9 | I54: X | T54: B | U54: o | V54: o | W54: B | AF54: B | AR54: x | BM54: x | BN54: =COUNTIFS(G54:BM54,"x") -> 3 | BQ54: X | BS54: P | BT54: P | BW54: X | BX54: X | BZ54: P | CA54: P | CB54: P | CC54: P | CF54: X | CM54: X | CN54: P | CT54: =COUNTIF(BO54:CS54,"X") -> 5 | DJ54: P | DK54: P | DL54: P | DM54: X | FG54: P | FH54: P | FI54: P | FJ54: X | FK54: X | FL54: X | FM54: X | FN54: P | FO54: P | FP54: X | GO54: X | HC54: X | HF54: X | HH54: DOKI | IF54: x | IG54: x | IH54: x | II54: x | IJ54: x | IK54: x | IL54: x | IM54: x | IN54: x | IO54: hétfői indulás | JN54: x | KA54: ADR | KB54: ADR | KC54: ADR | KD54: ADR | KZ54: x | LA54: x | LB54: x | LC54: x | LD54: x | LE54: x | LF54: vasáranapi induló | MI54: x | MJ54: x | MK54: x | ML54: x | MM54: x | MY54: x | MZ54: x | NA54: x | NB54: x | NC54: x | ND54: x | NE54: x | NF54: x | NG54: x | NH54: x | NI54: x | NJ54: x | NK54: x
A55: Katona Gábor | B55: 36 | C55: =COUNTIF(F55:DX55,"x") -> 5 | D55: 17 | E55: =COUNTIF(JU55:NI55,"x") -> 10 | F55: =+B55-D55-E55 -> 9 | W55: x | BH55: x | BI55: x | BJ55: x | BK55: o | BL55: o | BN55: =COUNTIFS(G55:BM55,"x") -> 4 | CT55: =COUNTIF(BO55:CS55,"X") -> 0 | CU55: X | DI55: P | DJ55: P | DK55: P | DL55: P | EX55: x | FW55: X | FX55: X | FY55: X | FZ55: X | GA55: X | GB55: P | GC55: P | IA55: x | IB55: x | IC55: x | ID55: x | IE55: x | IF55: P | IG55: P | MZ55: x | NA55: x | NB55: x | NC55: x | ND55: x | NE55: x | NF55: x | NG55: x | NH55: x | NI55: x | NJ55: x | NK55: x | NL55: indulás
A56: Kern Károly János | B56: 30 | C56: =COUNTIF(F56:DX56,"x") -> 9 | D56: 24 | E56: =COUNTIF(JU56:NI56,"x") -> 6 | F56: =+B56-D56-E56 -> 0 | T56: x | AH56: x | AR56: x | BI56: x | BJ56: x | BK56: o | BN56: =COUNTIFS(G56:BM56,"x") -> 5 | CF56: X | CI56: X | CN56: P | CO56: P | CP56: X | CT56: =COUNTIF(BO56:CS56,"X") -> 3 | CV56: P | CW56: P | DI56: P | DJ56: P | DK56: P | DL56: P | DN56: X | EN56: X | ES56: P | EV56: x | FS56: X | FT56: X | FU56: P | FV56: P | FW56: X | FX56: X | FY56: X | FZ56: X | GA56: X | GR56: th kártya | GY56: X | GZ56: P | HB56: P | HC56: X | HQ56: X | IA56: x | IB56: x | IC56: x | ID56: x | IE56: x | IF56: P | IG56: P | IL56: P | IM56: P | IN56: P | IO56: este indul | JJ56: x | JX56: X | NE56: x | NF56: x | NG56: x | NH56: x | NI56: x | NJ56: x | NK56: indulás
A57: Kiss Sándor | B57: 33 | C57: =COUNTIF(F57:DX57,"x") -> 4 | D57: 17 | E57: =COUNTIF(JU57:NI57,"x") -> 13 | F57: =+B57-D57-E57 -> 3 | AH57: x | BB57: x | BI57: x | BJ57: x | BK57: o | BL57: o | BN57: =COUNTIFS(G57:BM57,"x") -> 4 | BX57: P | CN57: P | CT57: =COUNTIF(BO57:CS57,"X") -> 0 | DJ57: P | DK57: P | DL57: P | FR57: X | FS57: X | FT57: X | FU57: P | FV57: P | FW57: X | FX57: X | FY57: x | FZ57: X | HJ57: X | HK57: o | HL57: o | HM57: x | HN57: x | HO57: x | HP57: x | HQ57: x | HR57: o | HS57: o | MW57: x | MX57: x | MY57: x | MZ57: x | NA57: x | NB57: x | NC57: x | ND57: x | NE57: x | NF57: x | NG57: x | NH57: x | NI57: x | NJ57: x | NK57: x | NL57: x | NM57: január 4 indul | NP57: Jan 14 - jan 21 síelés
A58: Konkoly Vilmos | B58: 30 | C58: =COUNTIF(F58:DX58,"x") -> 7 | D58: 13 | E58: =COUNTIF(JU58:NI58,"x") -> 9 | F58: =+B58-D58-E58 -> 8 | M58: x | BN58: =COUNTIFS(G58:BM58,"x") -> 1 | BR58: X | BS58: P | BY58: X | BZ58: P | CA58: P | CB58: P | CE58: X | CF58: X | CP58: X | CT58: =COUNTIF(BO58:CS58,"X") -> 5 | DS58: X | EX58: x | GO58: X | GP58: P | GQ58: P | HC58: X | IE58: P | IP58: X | JJ58: x | KI58: x | NB58: x | NC58: x | ND58: x | NE58: x | NF58: x | NG58: x | NH58: x | NI58: x | NJ58: x | NK58: x | NL58: indulás
A59: Kozma Gergely | B59: 37 | C59: =COUNTIF(F59:DX59,"x") -> 2 | D59: 18 | E59: =COUNTIF(JU59:NI59,"x") -> 8 | F59: =+B59-D59-E59 -> 11 | AL59: x | AR59: B | AS59: B | AT59: B | AU59: B | AV59: B | BC59: x | BN59: =COUNTIFS(G59:BM59,"x") -> 2 | BS59: P | BT59: P | CB59: P | CT59: =COUNTIF(BO59:CS59,"X") -> 0 | CX59: B | CY59: B | CZ59: B | DA59: B | DB59: B | DJ59: P | DK59: P | DL59: P | ER59: X | FE59: X | FF59: X | FG59: P | FH59: P | FI59: P | HK59: P | HL59: P | HM59: X | HN59: X | HO59: X | HP59: X | HQ59: X | HR59: P | HS59: P | HT59: X | HU59: X | HV59: X | HW59: X | HX59: X | HY59: P | HZ59: P | IX59: GKI | MZ59: x | NA59: x | ND59: x | NE59: x | NF59: x | NG59: x | NH59: x | NI59: x | NJ59: esti induló
A60: Kozma István | B60: 25 | C60: =COUNTIF(F60:DX60,"x") -> 8 | D60: 13 | E60: =COUNTIF(JU60:NI60,"x") -> 10 | F60: =+B60-D60-E60 -> 2 | I60: X | J60: X | AL60: X | BN60: =COUNTIFS(G60:BM60,"x") -> 3 | BS60: P | BT60: P | BZ60: P | CA60: P | CB60: P | CC60: P | CD60: X | CE60: X | CF60: X | CG60: P | CH60: P | CI60: X | CJ60: X | CT60: =COUNTIF(BO60:CS60,"X") -> 5 | DI60: P | DJ60: P | DK60: P | DL60: P | EW60: DOKI | EX60: x | EY60: x | FJ60: X | GD60: X | GY60: X | HT60: X | HX60: X | HY60: P | HZ60: P | IH60: B | II60: B | IJ60: B | IK60: B | IL60: B | IZ60: Péntekre haza | JC60: x | JD60: x | JE60: x | MZ60: x | NA60: x | NB60: x | NC60: x | ND60: x | NE60: x | NF60: x | NG60: x | NH60: x | NI60: x | NJ60: x | NK60: x | NL60: jan 5-ig
A61: Kovács Márton | NB61: x | NC61: x | ND61: x | NF61: ha nagyon kell kimegy | NI61: x | NJ61: x | NK61: indulás
A62: Lajkó Zsolt | B62: 33 | C62: =COUNTIF(F62:DX62,"x") -> 8 | D62: 22 | E62: =COUNTIF(JU62:NI62,"x") -> 3 | F62: =+B62-D62-E62 -> 8 | I62: x | AA62: x | AR62: x | BN62: =COUNTIFS(G62:BM62,"x") -> 3 | BO62: X | BV62: X | CF62: X | CI62: X | CT62: =COUNTIF(BO62:CS62,"X") -> 4 | DJ62: P | DK62: P | DL62: P | DM62: X | EG62: X | EH62: X | EP62: X | FP62: X | FQ62: X | FR62: X | GG62: X | GV62: X | GW62: P | GX62: P | HQ62: P | HT62: X | HU62: X | HV62: X | HW62: X | HX62: X | HY62: P | HZ62: P | IS62: x | JF62: X | NA62: x | NB62: x | NC62: x | ND62: este tud indulni
A63: Lakatos Róbert | B63: 30 | C63: =COUNTIF(F63:DX63,"x") -> 10 | D63: 21 | E63: =COUNTIF(JU63:NI63,"x") -> 7 | F63: =+B63-D63-E63 -> 2 | L63: x | W63: x | X63: x | Y63: x | BN63: =COUNTIFS(G63:BM63,"x") -> 4 | BU63: X | CE63: X | CF63: X | CP63: X | CT63: =COUNTIF(BO63:CS63,"X") -> 4 | CU63: X | DS63: X | DZ63: X | EI63: X | EJ63: X | EK63: X | EL63: P | EM63: P | EN63: X | EO63: X | EP63: X | EQ63: X | FY63: X | FZ63: X | GA63: X | GO63: X | GY63: X | GZ63: X | HJ63: X | HU63: X | HV63: X | HW63: X | HX63: X | HY63: P | HZ63: P | IA63: X | IB63: X | IS63: x | IV63: x | IW63: x | IX63: x | IY63: x | IZ63: tudd indulni | JT63: Doki | KE63: x | KF63: x | KG63: x | KH63: x | NB63: x | NC63: x | ND63: x | NE63: két ünnep között meló | NI63: ha kell kint maradt
A64: Lánczi Renáta | B64: 30 | C64: =COUNTIF(F64:DX64,"x") -> 9 | D64: 25 | E64: =COUNTIF(JU64:NI64,"x") -> 10 | F64: =+B64-D64-E64 -> -5 | I64: X | AV64: x | BD64: O | BJ64: x | BN64: =COUNTIFS(G64:BM64,"x") -> 3 | BY64: X | BZ64: P | CA64: P | CB64: P | CM64: X | CN64: X | CT64: =COUNTIF(BO64:CS64,"X") -> 3 | CU64: X | DB64: X | DI64: P | DJ64: P | DK64: P | DL64: P | DP64: X | ED64: X | ER64: X | EX64: x | EY64: x | GF64: X | GG64: X | GH64: X | GI64: P | GJ64: P | GV64: P | HJ64: x | HX64: P | HY64: P | HZ64: P | IA64: ? | IB64: GKI | IK64: GKI 12H | IZ64: X | JL64: x | JM64: x | JN64: x | JO64: x | JP64: x | LJ64: x | LK64: x | LL64: x | LM64: x | MZ64: x | NA64: x | NB64: x | NC64: x | ND64: x | NE64: mennének egy kanyart két ünnep között | NI64: x | NJ64: x | NK64: indulás
A65: Laskai András László | B65: 30 | C65: =COUNTIF(F65:DX65,"x") -> 7 | D65: 22 | E65: =COUNTIF(JU65:NI65,"x") -> 9 | F65: =+B65-D65-E65 -> -1 | L65: x | S65: x | T65: x | BM65: x | BN65: =COUNTIFS(G65:BM65,"x") -> 4 | CB65: P | CC65: P | CD65: X | CE65: X | CF65: X | CG65: P | CH65: P | CT65: =COUNTIF(BO65:CS65,"X") -> 3 | EU65: x | EV65: x | EW65: X | EX65: X | EY65: X | EZ65: P | FR65: X | FS65: X | GK65: X | GT65: X | GU65: X | GV65: X | GW65: P | GX65: P | GY65: X | IA65: X | IB65: X | IC65: X | ID65: X | IE65: X | IF65: P | IG65: P | JJ65: x | LJ65: x | LK65: x | LL65: x | LM65: x | LN65: hétfői indulás | MS65: ADR | MT65: ADR | MU65: ADR | NA65: x | NB65: x | NC65: x | ND65: x | NE65: ünnepek között tud menni | NI65: x | NJ65: x | NK65: hétfői indulás
A66: László Lajos | B66: 29 | C66: =COUNTIF(F66:DX66,"x") -> 21 | D66: 12 | E66: =COUNTIF(JU66:NI66,"x") -> 5 | F66: =+B66-D66-E66 -> 12 | I66: X | J66: X | K66: X | L66: X | M66: X | P66: X | Q66: X | R66: x | S66: x | T66: x | W66: x | X66: x | Y66: x | Z66: x | AA66: x | AD66: x | AE66: x | AF66: x | AG66: x | AH66: x | AK66: x | AL66: P | AM66: P | AN66: P | AO66: P | AR66: P | AS66: P | AT66: P | AU66: P | AV66: P | BN66: =COUNTIFS(G66:BM66,"x") -> 21 | BO66: P | BY66: P | CT66: =COUNTIF(BO66:CS66,"X") -> 0 | CU66: P | DI66: P | DJ66: P | DK66: P | DL66: P | IH66: x | KB66: x | NB66: x | NC66: x | ND66: x | NE66: ha van saját kocsival kimegy | NI66: x | NJ66: vasárnapi induló
A67: Lázár Gábor | B67: 31 | C67: =COUNTIF(F67:DX67,"x") -> 4 | D67: 6 | E67: =COUNTIF(JU67:NI67,"x") -> 13 | F67: =+B67-D67-E67 -> 12 | AD67: x | AU67: x | BJ67: x | BN67: =COUNTIFS(G67:BM67,"x") -> 3 | CI67: X | CT67: =COUNTIF(BO67:CS67,"X") -> 1 | DI67: P | DJ67: P | DK67: P | DL67: P | FP67: X | GK67: X | MW67: x | MX67: x | MY67: x | MZ67: x | NA67: x | NB67: x | NC67: x | ND67: x | NE67: x | NF67: x | NG67: x | NH67: x | NI67: x | NJ67: x | NK67: x | NL67: keddi indulás
A68: Léhner Zsolt | B68: 25 | C68: =COUNTIF(F68:DX68,"x") -> 6 | D68: 6 | E68: =COUNTIF(JU68:NI68,"x") -> 3 | F68: =+B68-D68-E68 -> 16 | I68: x | AO68: x | AT68: x | AZ68: x | BN68: =COUNTIFS(G68:BM68,"x") -> 4 | CB68: P | CT68: =COUNTIF(BO68:CS68,"X") -> 0 | DG68: X | DH68: X | DI68: P | DJ68: P | DK68: P | DL68: P | KM68: GKI | NB68: x | NC68: x | ND68: x | NF68: megy egy kanyart | NI68: kiszáll | NJ68: x | NK68: indulás
A69: Leiner Gábor | B69: 30 | C69: =COUNTIF(F69:DX69,"x") -> 7 | D69: 23 | E69: =COUNTIF(JU69:NI69,"x") -> 11 | F69: =+B69-D69-E69 -> -4 | I69: x | AK69: x | BD69: o | BE69: o | BF69: x | BN69: =COUNTIFS(G69:BM69,"x") -> 3 | CE69: X | CF69: X | CI69: X | CT69: =COUNTIF(BO69:CS69,"X") -> 3 | DN69: X | DZ69: X | EN69: P | FU69: P | FV69: P | FY69: x | FZ69: x | GA69: x | GB69: P | GC69: P | GP69: P | GQ69: P | HE69: P | HF69: X | HG69: X | HH69: X | HI69: X | HJ69: X | HK69: P | HL69: P | HM69: X | HN69: X | HO69: X | HP69: X | HQ69: X | HR69: P | IL69: P | JC69: B | JD69: B | JE69: B | JF69: B | JG69: B | JJ69: ? | JK69: ? | JL69: x | JM69: x | JN69: x | JQ69: Hétfői kezdés | MT69: x | MZ69: x | NA69: x | NB69: x | NC69: x | ND69: x | NE69: x | NF69: x | NG69: x | NH69: x | NI69: x | NJ69: x | NK69: x | NL69: x | NM69: x | NN69: x
A70: Leskó Zoltán | B70: 37 | C70: =COUNTIF(F70:DX70,"x") -> 16 | D70: 30 | E70: =COUNTIF(JU70:NI70,"x") -> 9 | F70: =+B70-D70-E70 -> -2 | I70: X | P70: x | AK70: x | AL70: x | AM70: x | AN70: x | AO70: x | AV70: x | BB70: x | BC70: x | BN70: =COUNTIFS(G70:BM70,"x") -> 10 | BO70: X | BR70: X | CB70: P | CC70: P | CE70: X | CF70: X | CM70: X | CN70: P | CT70: =COUNTIF(BO70:CS70,"X") -> 5 | DB70: X | EK70: x | EL70: ADR | EM70: ADR | FN70: P | FO70: P | GD70: X | GO70: X | GP70: P | GQ70: P | GZ70: X | IA70: x | IB70: x | IC70: x | ID70: x | IE70: x | IF70: P | IG70: P | IH70: x | II70: x | IJ70: x | IK70: x | IL70: x | IM70: P | IN70: P | NA70: x | NB70: x | NC70: x | ND70: x | NE70: x | NF70: x | NG70: x | NH70: x | NI70: x | NJ70: tud indulni
A71: Létai Ferenc Imre | B71: 31 | C71: =COUNTIF(F71:DX71,"x") -> 10 | D71: 23 | E71: =COUNTIF(JU71:NI71,"x") -> 11 | F71: =+B71-D71-E71 -> -3 | I71: X | J71: X | K71: X | L71: X | M71: X | AD71: x | AL71: P | AV71: B | AY71: B | AZ71: B | BA71: B | BB71: B | BC71: B | BN71: =COUNTIFS(G71:BM71,"x") -> 6 | BO71: P | BU71: B | BV71: B | BW71: B | BX71: B | BY71: B | BZ71: B | CA71: B | CB71: B | CC71: B | CD71: B | CN71: P | CT71: =COUNTIF(BO71:CS71,"X") -> 0 | CX71: X | CY71: X | DG71: X | DH71: X | DI71: P | DJ71: P | DK71: P | DL71: P | EK71: P | ER71: x | EY71: x | FM71: P | FN71: P | FO71: P | FP71: P | GK71: x | GL71: x | GM71: x | GN71: x | GO71: x | GP71: P | GQ71: P | GR71: x | GS71: x | GT71: x | GU71: x | GV71: x | GW71: o | GX71: o | HA71: P | HH71: B | HI71: B | HJ71: B | HM71: B | HN71: B | HO71: B | HP71: B | HQ71: B | HT71: B | HU71: B | HV71: B | HW71: B | HX71: B | IA71: B | IB71: B | IC71: B | ID71: B | IE71: B | IG71: vasárnapi indulás | JJ71: GKI | KB71: ADR | KC71: ADR | KD71: ADR | KZ71: x | MZ71: x | NA71: x | NB71: x | NC71: x | ND71: x | NE71: x | NF71: x | NG71: x | NH71: x | NI71: x | NJ71: x | NK71: 9én kezdés
A72: Létai Ferenc Imréné Zsuzsi | B72: 30 | C72: =COUNTIF(F72:DX72,"x") -> 10 | D72: 22 | E72: =COUNTIF(JU72:NI72,"x") -> 11 | F72: =+B72-D72-E72 -> -3 | I72: X | J72: X | K72: X | L72: X | M72: X | AD72: x | AL72: P | AV72: B | AY72: B | AZ72: B | BA72: B | BB72: B | BC72: B | BF72: B | BG72: B | BN72: =COUNTIFS(G72:BM72,"x") -> 6 | BO72: P | BU72: B | BV72: B | BW72: B | BX72: B | BY72: B | BZ72: B | CA72: B | CB72: B | CC72: B | CD72: B | CN72: P | CT72: =COUNTIF(BO72:CS72,"X") -> 0 | CX72: X | CY72: X | DG72: X | DH72: X | DI72: P | DJ72: P | DK72: P | DL72: P | EK72: P | ER72: x | EY72: x | FM72: P | FN72: P | FO72: P | FP72: P | GK72: x | GL72: x | GM72: x | GN72: x | GO72: x | GP72: P | GQ72: P | GR72: x | GS72: x | GT72: x | GU72: x | GV72: x | GW72: o | GX72: o | HA72: P | HH72: B | HI72: B | HJ72: B | HM72: B | HN72: B | HO72: B | HP72: B | HQ72: B | HT72: B | HU72: B | HV72: B | HW72: B | HX72: B | IA72: B | IB72: B | IC72: B | ID72: B | IE72: B | IG72: vasárnapi indulás | JJ72: GKI | KB72: ADR | KC72: ADR | KD72: ADR | KZ72: x | MZ72: x | NA72: x | NB72: x | NC72: x | ND72: x | NE72: x | NF72: x | NG72: x | NH72: x | NI72: x | NJ72: x | NK72: 9én kezdés
A73: Lévai Béla | B73: 30 | C73: =COUNTIF(F73:DX73,"x") -> 11 | D73: 17 | E73: =COUNTIF(JU73:NI73,"x") -> 20 | F73: =+B73-D73-E73 -> -7 | I73: X | J73: X | AG73: x | AH73: x | AT73: x | AU73: x | BH73: x | BI73: x | BJ73: x | BN73: =COUNTIFS(G73:BM73,"x") -> 9 | BV73: P | BW73: P | BX73: P | CJ73: P | CK73: P | CL73: P | CT73: =COUNTIF(BO73:CS73,"X") -> 0 | CY73: X | CZ73: X | DA73: P | EA73: x | EB73: x | EC73: x | ED73: x | EK73: X | EO73: x | EP73: x | EQ73: x | ER73: X | EX73: P | EY73: P | FR73: P | FS73: X | GF73: X | GG73: X | GH73: ? | GO73: X | GV73: X | HC73: X | HD73: P | HE73: P | HI73: X | HW73: X | HX73: P | HY73: P | IQ73: p | IR73: p | JK73: x | JL73: x | JM73: x | JZ73: X | KA73: X | KB73: X | KM73: X | KN73: X | KO73: X | LH73: x | LI73: x | LJ73: x | MX73: kiszáll | MY73: x | MZ73: x | NA73: x | NB73: x | NC73: x | ND73: x | NE73: x | NF73: x | NG73: x | NH73: x | NI73: x | NJ73: x | NK73: P | NL73: P | NM73: P | NN73: P | NO73: indulás
A74: Lipták Lajos | B74: 31 | C74: =COUNTIF(F74:DX74,"x") -> 10 | D74: 31 | E74: =COUNTIF(JU74:NI74,"x") -> 0 | F74: =+B74-D74-E74 -> 0 | L74: X | M74: X | P74: X | Q74: X | R74: X | S74: X | Z74: x | AG74: x | AN74: B | AO74: B | AR74: B | AS74: B | AT74: B | AU74: B | AV74: B | AY74: B | AZ74: B | BA74: B | BB74: B | BC74: B | BF74: B | BG74: B | BH74: B | BI74: B | BJ74: B | BM74: B | BN74: =COUNTIFS(G74:BM74,"x") -> 8 | BO74: B | BP74: B | BQ74: B | BX74: X | CE74: X | CL74: P | CS74: P | CT74: =COUNTIF(BO74:CS74,"X") -> 2 | DA74: P | DV74: P | EC74: X | ED74: X | EG74: X | EH74: X | EI74: X | EJ74: X | EQ74: X | EX74: x | FM74: P | FS74: P | FT74: P | FZ74: X | GG74: X | GH74: ? | GN74: X | GU74: X | HB74: x | HC74: x | HD74: P | HE74: P | HF74: x | HG74: x | HH74: x | HI74: x | HJ74: x | HK74: szombati éjfél után | HP74: P | HQ74: P | HW74: X | HX74: P | ID74: X | IR74: X | JT74: B | JU74: B | JV74: B | JW74: B | JX74: B | JY74: B | JZ74: B | KA74: B | KB74: B | KC74: B | KD74: B | KE74: B | KF74: B | KG74: B | KH74: B
A75: Máté Péter Szilárd | B75: 39 | C75: =COUNTIF(F75:DX75,"x") -> 4 | D75: 10 | E75: =COUNTIF(JU75:NI75,"x") -> 9 | F75: =+B75-D75-E75 -> 20 | Z75: x | AA75: x | AR75: x | BC75: X | BN75: =COUNTIFS(G75:BM75,"x") -> 4 | CB75: P | CF75: P | CT75: =COUNTIF(BO75:CS75,"X") -> 0 | DI75: P | DJ75: P | DK75: P | EK75: P | EU75: ESTE | EZ75: GKI | FB75: GKI | GH75: X | GI75: P | GJ75: P | GK75: X | GL75: X | GM75: X | GN75: X | GO75: X | GP75: P | GQ75: P | MM75: X/12IG HAZA | NA75: x | NB75: x | NC75: x | ND75: x | NE75: x | NF75: x | NG75: x | NH75: x | NI75: x | NJ75: x
A76: Meilinger Ádám | B76: 26 | C76: =COUNTIF(F76:DX76,"x") -> 7 | D76: 18 | E76: =COUNTIF(JU76:NI76,"x") -> 11 | F76: =+B76-D76-E76 -> -3 | L76: x | AY76: x | AZ76: x | BA76: x | BN76: =COUNTIFS(G76:BM76,"x") -> 4 | BR76: X | BS76: P | BT76: P | CT76: =COUNTIF(BO76:CS76,"X") -> 1 | DS76: X | DW76: x | EN76: X | EY76: X | GP76: P | GV76: X | GW76: P | GX76: P | GY76: X | GZ76: X | HA76: X | HB76: X | HC76: X | HD76: P | HE76: P | IC76: x | ID76: x | IE76: x | IF76: P | IG76: P | IJ76: x | JL76: GKI gyakorlás | JM76: GKI vizsga | MY76: x | MZ76: x | NA76: x | NB76: x | NC76: x | ND76: x | NE76: x | NF76: x | NG76: x | NH76: x | NI76: x | NJ76: x | NK76: x
A77: Molárovits Zoltán Edvin | B77: 32 | C77: =COUNTIF(F77:DX77,"x") -> 11 | D77: 16 | E77: =COUNTIF(JU77:NI77,"x") -> 5 | F77: =+B77-D77-E77 -> 11 | P77: x | AD77: x | AO77: x | AR77: x | BJ77: x | BN77: =COUNTIFS(G77:BM77,"x") -> 5 | CB77: P | CC77: P | CD77: X | CE77: X | CF77: X | CT77: =COUNTIF(BO77:CS77,"X") -> 3 | CX77: X | DE77: X | DS77: X | EQ77: X | ER77: X | FW77: X | GY77: X | HM77: x | IH77: x | JJ77: x | NA77: x | NB77: x | NC77: x | ND77: x | NE77: x | NH77: Szilveszterre ki tud menni
A78: Musicz Miklós | B78: 30 | C78: =COUNTIF(F78:DX78,"x") -> 12 | D78: 16 | E78: =COUNTIF(JU78:NI78,"x") -> 20 | F78: =+B78-D78-E78 -> -6 | I78: X | J78: X | K78: X | L78: X | M78: X | BN78: =COUNTIFS(G78:BM78,"x") -> 5 | BU78: X | BV78: X | BW78: X | BX78: X | CE78: X | CF78: X | CN78: P | CT78: =COUNTIF(BO78:CS78,"X") -> 6 | CU78: X | DI78: P | DJ78: P | DK78: P | DL78: P | GD78: X | GE78: X | GF78: X | GG78: X | GH78: X | GI78: P | GJ78: P | GK78: P | GL78: P | GM78: P | GN78: P | GO78: P | GP78: P | GQ78: P | HF78: P | HG78: P | HH78: P | HI78: P | HJ78: P | HM78: P | HN78: P | HO78: P | HP78: P | HQ78: P | IH78: P | II78: P | IJ78: P | IK78: P | IL78: P | MP78: x | MQ78: x | MR78: x | MS78: x | MT78: x | MU78: x | MV78: x | MW78: x | MX78: x | MY78: x | MZ78: x | NA78: x | NB78: x | NC78: x | ND78: x | NE78: x | NF78: x | NG78: x | NH78: x | NI78: x | NJ78: x | NK78: Hétfői indulás
A79: Nagy György | B79: 36 | C79: =COUNTIF(F79:DX79,"x") -> 3 | D79: 18 | E79: =COUNTIF(JU79:NI79,"x") -> 11 | F79: =+B79-D79-E79 -> 7 | AV79: x | BN79: =COUNTIFS(G79:BM79,"x") -> 1 | CB79: P | CC79: P | CE79: X | CI79: P | CN79: P | CT79: =COUNTIF(BO79:CS79,"X") -> 1 | DH79: P | DI79: P | DJ79: P | DK79: P | DL79: P | DW79: X | EK79: X | EN79: X | GA79: X | GO79: X | HC79: X | HD79: P | HE79: P | HF79: X | HG79: X | HH79: X | HI79: X | HJ79: X | HK79: P | HL79: P | HM79: X | HN79: X | HO79: X | HP79: X | HQ79: X | HR79: P | HS79: P | MS79: x | MT79: x | NA79: x | NB79: x | NC79: x | ND79: x | NE79: x | NF79: x | NG79: x | NH79: x | NI79: x | NJ79: x | NK79: x | NL79: x | NM79: x | NN79: x | NO79: x | NP79: jan 8-ig
A80: Nagy László | B80: 30 | C80: =COUNTIF(F80:DX80,"x") -> 5 | D80: 19 | E80: =COUNTIF(JU80:NI80,"x") -> 11 | F80: =+B80-D80-E80 -> 0 | I80: x | J80: x | AU80: x | BC80: x | BM80: x | BN80: =COUNTIFS(G80:BM80,"x") -> 5 | BR80: P | BZ80: P | CA80: P | CB80: P | CC80: P | CF80: P | CG80: P | CH80: P | CI80: P | CJ80: B | CK80: B | CL80: B | CM80: B | CN80: B | CO80: P | CP80: B | CQ80: B | CR80: B | CS80: B | CT80: =COUNTIF(BO80:CS80,"X") -> 0 | CU80: B | CV80: P | EG80: X | EK80: X | EU80: P | FB80: P | GA80: X | GI80: x | GJ80: x | GK80: x | GL80: x | GM80: x | GN80: x | GO80: x | GP80: x | GQ80: x | GY80: X | GZ80: X | HC80: X | HT80: x | HU80: x | HV80: x | HW80: x | HX80: x | HY80: x | HZ80: x | IA80: x | JQ80: B | JR80: B | JS80: B | JT80: B | JU80: B | JV80: B | JW80: B | JX80: B | JY80: B | JZ80: B | KA80: B | KB80: B | KD80: vas este tud indulni | MF80: X | MZ80: x | NA80: x | NB80: x | NC80: x | ND80: x | NE80: x | NF80: x | NG80: x | NH80: x | NI80: x | NJ80: x | NK80: x
A81: Nagy Patrik | B81: 21 | C81: =COUNTIF(F81:DX81,"x") -> 0 | D81: 15 | E81: =COUNTIF(JU81:NI81,"x") -> 6 | F81: =+B81-D81-E81 -> 0 | EI81: B | EJ81: B | EK81: B | EN81: B | EO81: B | EY81: x | FC81: x | FK81: X | FR81: X | FS81: X | FT81: X | FU81: P | FV81: P | FY81: P | GY81: X | GZ81: X | HA81: X | HB81: X | HC81: X | HD81: P | HE81: P | HF81: X | HG81: X | HH81: X | HI81: X | HJ81: X | HK81: P | HL81: P | IO81: P | IP81: P | IQ81: P | IY81: x | IZ81: x | JL81: P | JM81: P | MZ81: x | NA81: x | NB81: x | NC81: x | ND81: ki tud menni 26 de 30-ra haza | NH81: x | NI81: x | NJ81: x
A82: Nagy Szabina | B82: 38 | C82: =COUNTIF(F82:DX82,"x") -> 13 | D82: 22 | E82: =COUNTIF(JU82:NI82,"x") -> 10 | F82: =+B82-D82-E82 -> 6 | I82: X | J82: X | AR82: x | BA82: x | BB82: x | BC82: x | BF82: x | BM82: x | BN82: =COUNTIFS(G82:BM82,"x") -> 8 | BU82: X | CF82: X | CI82: X | CP82: X | CT82: =COUNTIF(BO82:CS82,"X") -> 4 | CV82: P | DE82: X | FR82: X | FS82: X | FT82: X | FU82: P | FV82: P | FW82: DU | GB82: P | GC82: P | HH82: X | HI82: X | HJ82: X | HK82: P | HL82: P | HM82: DU | HS82: esti ind | HX82: X | IL82: ADR | IM82: ADR | JN82: x | KW82: x | NA82: x | NB82: x | NC82: x | ND82: x | NE82: x | NF82: x | NG82: x | NH82: x | NI82: x | NJ82: x | NK82: x | NL82: ind
A83: Nagy Tamás | B83: 35 | C83: =COUNTIF(F83:DX83,"x") -> 16 | D83: 26 | E83: =COUNTIF(JU83:NI83,"x") -> 11 | F83: =+B83-D83-E83 -> -2 | P83: x | Q83: x | Z83: x | AA83: x | AB83: o | AC83: o | AD83: x | AV83: x | BN83: =COUNTIFS(G83:BM83,"x") -> 6 | BV83: X | BW83: X | BX83: X | BY83: X | BZ83: P | CA83: P | CB83: P | CC83: P | CT83: =COUNTIF(BO83:CS83,"X") -> 4 | CU83: X | DB83: X | DE83: X | DF83: X | DG83: X | DH83: X | EE83: P | EF83: P | EU83: x | FM83: X | FP83: X | GK83: X | HD83: P | HE83: P | HF83: P | HI83: X | HJ83: X | JC83: X | JD83: X | JE83: X | JF83: X | JG83: X | JH83: O | JI83: O | JJ83: B? | JK83: B? | KZ83: x | LA83: x | LB83: x | LC83: x | LD83: x | LE83: x | LF83: x | NA83: x | NB83: x | NC83: x | ND83: x | NE83: este
A84: Németh Nándor | MZ84: kiszáll | NA84: x | NB84: x | NC84: x | ND84: x | NE84: x | NF84: x | NG84: x | NH84: x | NI84: x | NJ84: x | NK84: indulás
A85: Németh Zsolt | B85: 34 | C85: =COUNTIF(F85:DX85,"x") -> 4 | D85: 27 | E85: =COUNTIF(JU85:NI85,"x") -> 11 | F85: =+B85-D85-E85 -> -4 | AA85: x | AV85: x | BF85: x | BN85: =COUNTIFS(G85:BM85,"x") -> 3 | CJ85: X | CT85: =COUNTIF(BO85:CS85,"X") -> 1 | DJ85: P | DK85: P | DL85: P | EG85: X | EN85: x | EU85: P | FB85: P | FP85: X | FW85: X | GK85: X | GR85: x | GS85: x | GT85: x | GU85: x | GV85: x | GW85: o | GX85: o | GY85: x | GZ85: x | HA85: x | HB85: x | HC85: x | HD85: o | HE85: o | HF85: X | IQ85: X | IR85: X | IS85: X | IT85: O | IU85: O | IV85: X | IW85: X | IX85: X | IY85: X | IZ85: X | JA85: O | JB85: O | MY85: x | MZ85: x | NA85: x | NB85: x | NC85: x | ND85: x | NE85: x | NF85: x | NG85: x | NH85: x | NI85: x | NJ85: x | NK85: x
A86: Nyiri Attila | B86: 30 | C86: =COUNTIF(F86:DX86,"x") -> 6 | D86: 11 | E86: =COUNTIF(JU86:NI86,"x") -> 14 | F86: =+B86-D86-E86 -> 5 | BF86: B | BG86: B | BH86: B | BI86: B | BJ86: B | BM86: B | BN86: =COUNTIFS(G86:BM86,"x") -> 0 | BO86: B | BZ86: P | CA86: P | CB86: P | CC86: P | CD86: X | CE86: X | CF86: X | CG86: P | CH86: P | CT86: =COUNTIF(BO86:CS86,"X") -> 3 | CU86: X | CX86: X | CY86: X | GK86: x | GL86: doki után | IH86: P | IV86: P | JJ86: x | JK86: x | JL86: x | JM86: x | JN86: x | JO86: x | KZ86: x | LA86: x | LB86: x | LC86: x | LD86: x | NA86: x | NB86: x | NC86: x | ND86: x | NE86: x | NF86: x | NG86: x | NH86: x | NI86: x | NJ86: x | NK86: x | NL86: x | NM86: x | NN86: x | NO86: x
A87: Ormándi Máriusz | B87: 32 | C87: =COUNTIF(F87:DX87,"x") -> 19 | D87: 32 | E87: =COUNTIF(JU87:NI87,"x") -> 9 | F87: =+B87-D87-E87 -> -9 | L87: x | M87: x | AD87: x | AN87: X | AO87: X | AV87: X | BB87: x | BC87: x | BI87: x | BJ87: x | BK87: o | BL87: o | BN87: =COUNTIFS(G87:BM87,"x") -> 10 | BR87: B | CE87: X | CF87: X | CI87: X | CJ87: X | CM87: X | CT87: =COUNTIF(BO87:CS87,"X") -> 5 | CX87: X | DU87: X | DV87: X | DW87: X | DX87: P | DY87: P | ER87: X | EX87: x | EY87: x | FU87: P | FV87: P | FW87: X | GV87: X | GW87: P | GX87: P | HC87: P | HT87: X | HU87: X | HV87: X | HW87: X | HX87: X | HY87: P | HZ87: P | ID87: X | IS87: X | JB87: x | JC87: x | JD87: x | JE87: x | JF87: x | JG87: x | JH87: 0 | JI87: 0 | JJ87: x | JK87: x | LK87: x | NB87: x | NC87: x | ND87: x | NE87: x | NF87: x | NG87: x | NH87: x | NI87: x | NJ87: x | NK87: x | NL87: indulás
A88: Papp Zoltán | B88: 44 | C88: =COUNTIF(F88:DX88,"x") -> 12 | D88: 20 | E88: =COUNTIF(JU88:NI88,"x") -> 14 | F88: =+B88-D88-E88 -> 10 | I88: X | J88: X | K88: X | L88: X | M88: X | AY88: x | AZ88: x | BA88: x | BB88: x | BC88: x | BN88: =COUNTIFS(G88:BM88,"x") -> 10 | CT88: =COUNTIF(BO88:CS88,"X") -> 0 | CU88: X | DH88: X | DI88: P | DJ88: P | DK88: P | DL88: P | HT88: X | HU88: X | HV88: X | HW88: X | HX88: X | KZ88: x | MW88: x | MX88: x | MY88: x | MZ88: x | NA88: x | NB88: x | NC88: x | ND88: x | NE88: x | NF88: x | NG88: x | NH88: x | NI88: x | NJ88: x
A89: Pázmándi János | B89: 32 | C89: =COUNTIF(F89:DX89,"x") -> 13 | D89: 27 | E89: =COUNTIF(JU89:NI89,"x") -> 8 | F89: =+B89-D89-E89 -> -3 | T89: x | AG89: x | AN89: x | BC89: x | BN89: =COUNTIFS(G89:BM89,"x") -> 4 | BR89: X | CD89: X | CE89: X | CF89: X | CT89: =COUNTIF(BO89:CS89,"X") -> 4 | CX89: X | CY89: X | CZ89: X | DA89: X | DB89: X | EC89: X | ER89: X | ES89: P | ET89: P | EY89: REGGELRE | EZ89: P | FM89: X | GC89: P | GD89: x | GE89: x | GF89: x | GG89: x | GH89: x | GI89: P | GJ89: esti indulás | HC89: X | HQ89: X | ID89: x | IE89: x | IF89: x | IR89: X | LF89: vasárnapi induló | LG89: B | LH89: B | LI89: B | LJ89: B | LK89: B | LL89: B | LM89: indul | NB89: x | NC89: x | ND89: x | NE89: x | NF89: x | NG89: x | NH89: x | NI89: x | NJ89: x | NK89: P | NL89: p | NM89: p | NN89: p | NO89: p | NP89: p
A90: Perényi Péter | B90: 29 | C90: =COUNTIF(F90:DX90,"x") -> 6 | D90: 15 | E90: =COUNTIF(JU90:NI90,"x") -> 5 | F90: =+B90-D90-E90 -> 9 | T90: x | AD90: x | BM90: x | BN90: =COUNTIFS(G90:BM90,"x") -> 3 | BY90: X | CB90: P | CT90: =COUNTIF(BO90:CS90,"X") -> 1 | CU90: X | DH90: X | DI90: P | DJ90: P | DK90: P | DL90: P | FB90: x | FS90: X | FT90: X | GY90: B | GZ90: B | HA90: B | HB90: B | HC90: B | HF90: B | HG90: B | HT90: X | IA90: X | IB90: X | IC90: X | ID90: X | IE90: X | IF90: P | IG90: P | MW90: x | MX90: x | MY90: x | MZ90: x | NA90: x | NF90: ha kell kimegy, ha nem akkor jan2 indul
A91: Pilló József | B91: 36 | C91: =COUNTIF(F91:DX91,"x") -> 10 | D91: 23 | E91: =COUNTIF(JU91:NI91,"x") -> 19 | F91: =+B91-D91-E91 -> -6 | I91: X | AY91: x | AZ91: x | BN91: =COUNTIFS(G91:BM91,"x") -> 3 | CB91: P | CC91: P | CD91: X | CT91: =COUNTIF(BO91:CS91,"X") -> 1 | CU91: X | CX91: X | CY91: X | CZ91: X | DA91: X | DB91: X | EX91: x | FF91: x | FR91: X | FS91: X | FT91: X | HF91: X | JC91: x | JD91: x | JE91: x | JF91: x | JG91: x | JJ91: hétfői indulás | KA91: x | KB91: x | MS91: x | MT91: x | MU91: x | MV91: x | MW91: x | MX91: x | MY91: x | MZ91: x | NA91: x | NB91: x | NC91: x | ND91: x | NE91: x | NF91: x | NG91: x | NH91: x | NI91: x | NJ91: indulás
A92: Pillóné Stamber Judit | B92: 36 | C92: =COUNTIF(F92:DX92,"x") -> 10 | D92: 23 | E92: =COUNTIF(JU92:NI92,"x") -> 19 | F92: =+B92-D92-E92 -> -6 | I92: X | AY92: x | AZ92: x | BN92: =COUNTIFS(G92:BM92,"x") -> 3 | CB92: P | CC92: P | CD92: X | CT92: =COUNTIF(BO92:CS92,"X") -> 1 | CU92: X | CX92: X | CY92: X | CZ92: X | DA92: X | DB92: X | EX92: x | FF92: x | FR92: X | FS92: X | FT92: X | HF92: X | JC92: x | JD92: x | JE92: x | JF92: x | JG92: x | JJ92: hétfői indulás | KA92: x | KB92: x | MS92: x | MT92: x | MU92: x | MV92: x | MW92: x | MX92: x | MY92: x | MZ92: x | NA92: x | NB92: x | NC92: x | ND92: x | NE92: x | NF92: x | NG92: x | NH92: x | NI92: x | NJ92: indulás
A93: Polgár Péter Pál | B93: 30 | C93: =COUNTIF(F93:DX93,"x") -> 4 | D93: 18 | E93: =COUNTIF(JU93:NI93,"x") -> 11 | F93: =+B93-D93-E93 -> 1 | L93: x | BN93: =COUNTIFS(G93:BM93,"x") -> 1 | BR93: X | BS93: P | BT93: P | CT93: =COUNTIF(BO93:CS93,"X") -> 1 | DS93: X | DW93: x | EN93: P | EU93: X | EV93: X | EW93: X | EX93: X | EY93: X | GV93: X | GW93: P | GX93: P | GY93: X | GZ93: X | HA93: X | HB93: X | HC93: X | HD93: P | HE93: P | IC93: x | ID93: x | IE93: x | IF93: P | IG93: P | IJ93: x | MY93: x | MZ93: x | NA93: x | NB93: x | NC93: x | ND93: x | NE93: x | NF93: x | NG93: x | NH93: x | NI93: x | NJ93: x | NK93: x
A94: Pollák Péter | B94: 30 | C94: =COUNTIF(F94:DX94,"x") -> 13 | D94: 30 | E94: =COUNTIF(JU94:NI94,"x") -> 9 | F94: =+B94-D94-E94 -> -9 | I94: x | Z94: x | AA94: x | AH94: x | AK94: x | AU94: x | AV94: x | BC94: X | BM94: x | BN94: =COUNTIFS(G94:BM94,"x") -> 9 | BY94: X | BZ94: P | CA94: P | CB94: P | CC94: P | CT94: =COUNTIF(BO94:CS94,"X") -> 1 | DA94: X | DO94: X | DW94: X | DZ94: P | ED94: P | EE94: IND | EQ94: X | ER94: X | ES94: P | ET94: P | GV94: P | GW94: P | GX94: P | GY94: X | HF94: X | HG94: X | HH94: X | HI94: X | HJ94: X | HK94: P | HL94: P | HM94: X | HN94: X | HO94: X | HP94: X | HQ94: X | IZ94: fogorvos | NA94: x | NB94: x | NC94: x | ND94: x | NE94: x | NF94: x | NG94: x | NH94: x | NI94: x | NJ94: x | NK94: x | NL94: x | NM94: x | NN94: x | NO94: x
A95: Polyák László | B95: 30 | C95: =COUNTIF(G95:DX95,"x") -> 8 | D95: 22 | E95: =COUNTIF(JU95:NI95,"x") -> 17 | F95: =+B95-D95-E95 -> -9 | T95: x | AA95: x | AN95: x | AU95: x | BB95: X | BI95: x | BN95: =COUNTIFS(G95:BM95,"x") -> 6 | BR95: X | BX95: P | CE95: P | CL95: B | CM95: B | CN95: B | CP95: B | CQ95: B | CR95: B | CS95: B | CT95: =COUNTIF(BO95:CS95,"X") -> 1 | CU95: B | CX95: B | CY95: B | CZ95: B | DA95: B | DB95: P | DP95: X | ES95: P | ET95: P | EU95: X | EV95: X | EW95: X | EX95: X | EY95: x | FZ95: X | GO95: X | GP95: P | GQ95: P | GV95: X | GW95: P | GX95: P | GY95: X | GZ95: X | HA95: X | HB95: X | HC95: X | HD95: P | HE95: P | HF95: X | HG95: X | HM95: X | MS95: x | MT95: x | MU95: x | MV95: x | MW95: x | MX95: x | MY95: x | MZ95: x | NA95: x | NB95: x | NC95: x | ND95: x | NE95: x | NF95: x | NG95: x | NH95: x | NI95: x | NJ95: x | NK95: x | NL95: x | NM95: x | NN95: x
A96: Popovics Dávid | B96: 17 | C96: =COUNTIF(G96:DX96,"x") -> 0 | D96: 5 | E96: =COUNTIF(JU96:NI96,"x") -> 4 | F96: =+B96-D96-E96 -> 8 | FK96: X | GH96: X | HI96: X | HJ96: X | HK96: P | HL96: P | MF96: X | MQ96: x | NA96: DECEMBERRE SZÁMOLHATTOK VELE 29.-ig | NH96: x | NI96: x | NJ96: x | NK96: x | NL96: keddtől fogható
A97: Richter Róbert Csaba | B97: 32 | C97: =COUNTIF(F97:DX97,"x") -> 4 | D97: 14 | E97: =COUNTIF(JU97:NI97,"x") -> 8 | F97: =+B97-D97-E97 -> 10 | I97: X | W97: B | X97: B | Y97: B | Z97: B | AA97: B | AD97: B | AR97: X | BF97: X | BN97: =COUNTIFS(G97:BM97,"x") -> 3 | CT97: =COUNTIF(BO97:CS97,"X") -> 0 | CU97: X | DZ97: P | FB97: x | FP97: X | GR97: P | HF97: X | HG97: X | HH97: X | HI97: X | HJ97: X | HK97: P | HL97: P | HM97: X | HN97: X | HO97: X | HP97: X | HQ97: X | HR97: P | HS97: P | HT97: X | IH97: X | IV97: P | NA97: x | NB97: x | NC97: x | ND97: x | NE97: X | NF97: X | NG97: X | NH97: X | NI97: P | NJ97: x | NK97: hétfői induló
A98: Rózsa Attila | B98: 46 | C98: =COUNTIF(F98:DX98,"x") -> 9 | D98: 23 | E98: =COUNTIF(JU98:NI98,"x") -> 5 | F98: =+B98-D98-E98 -> 18 | Q98: x | X98: x | AD98: x | AS98: X | BG98: X | BN98: =COUNTIFS(G98:BM98,"x") -> 5 | BO98: X | CB98: P | CC98: P | CQ98: X | CT98: =COUNTIF(BO98:CS98,"X") -> 2 | DE98: X | DT98: X | EH98: X | EU98: x | FC98: P | FJ98: X | FX98: X | GK98: X | HN98: X | IB98: X | IO98: x | JQ98: X változott | JR98: X | JS98: X | JT98: X | JU98: X | JV98: P | JW98: P | NA98: x | NB98: x | NC98: x | ND98: x | NE98: két ünnep között már kimegy
A99: Schmutzer Tamás | MZ99: x | NA99: x | NB99: x | NC99: x | ND99: x | NE99: x | NF99: x | NG99: x | NH99: x | NI99: x | NJ99: x | NK99: x | NL99: indulás
A100: Selmeci Ervin | B100: 33 | C100: =COUNTIF(F100:DX100,"x") -> 5 | D100: 14 | E100: =COUNTIF(JU100:NI100,"x") -> 17 | F100: =+B100-D100-E100 -> 2 | BN100: =COUNTIFS(G100:BM100,"x") -> 0 | CB100: P | CF100: X | CT100: =COUNTIF(BO100:CS100,"X") -> 1 | CZ100: X | DA100: X | DB100: X | DC100: P | DD100: P | DE100: X | DI100: P | DJ100: P | DK100: P | DL100: P | EJ100: ADR | EK100: ADR | EL100: ADR | FS100: x | FT100: P | GM100: X | GN100: X | GO100: X | GP100: P | GQ100: P | GR100: X | GS100: X | GT100: szerdai indulás | KZ100: x | LA100: x | LB100: x | LC100: x | LD100: x | LE100: x | LF100: x | LG100: x | LH100: x | LI100: x | LJ100: x | LK100: x | LL100: x | LM100: vasárnapi indulás | MI100: b | MJ100: b | MK100: b | ML100: b | MM100: b | MP100: b | MQ100: b | MR100: b | MS100: b | MT100: b | NB100: P | NC100: P | ND100: P | NE100: x | NF100: x | NG100: x | NH100: x | NI100: P | NJ100: indul
...

Sheet EXPORT
C1: 45658 | D1: Szerda | F1: =+COUNTA(B4:B14) -> 1
A3: MI neve | B3: Vontató rendszám | C3: Sofőr(ök) | D3: SZF-SZÁM | E3: Jani megjegyzés | F3: Menetirányító Megjegyzés (érkezés, heti maradék idő, mikor szeretne ind?,hétvége kint?, 24 v 45 kell e?)
A4: =VLOOKUP(B4,segédtábla!$A$1:$C$156,3,FALSE) -> #N/A | C4: =VLOOKUP(B4,segédtábla!$A$1:$C$156,2,FALSE) -> #N/A | E4: =VLOOKUP(C4,'Havi KM'!A:S,4,FALSE) -> #N/A
A5: =VLOOKUP(B5,segédtábla!$A$1:$C$156,3,FALSE) -> 11+3 | B5: AIFN 154 | C5: Hamecz Zsolt+Hamecz Zsoltné | D5: NL58-20451 | E5: =VLOOKUP(C5,'Havi KM'!A:S,4,FALSE) -> #N/A
A6: =VLOOKUP(B6,segédtábla!$A$1:$C$156,3,FALSE) -> #N/A | C6: =VLOOKUP(B6,segédtábla!$A$1:$C$156,2,FALSE) -> #N/A | E6: =VLOOKUP(C6,'Havi KM'!A:S,4,FALSE) -> #N/A
A7: =VLOOKUP(B7,segédtábla!$A$1:$C$156,3,FALSE) -> #N/A | C7: =VLOOKUP(B7,segédtábla!$A$1:$C$156,2,FALSE) -> #N/A | E7: =VLOOKUP(C7,'Havi KM'!A:S,4,FALSE) -> #N/A
A8: =VLOOKUP(B8,segédtábla!$A$1:$C$156,3,FALSE) -> #N/A | C8: =VLOOKUP(B8,segédtábla!$A$1:$C$156,2,FALSE) -> #N/A | E8: =VLOOKUP(C8,'Havi KM'!A:S,4,FALSE) -> #N/A
A9: =VLOOKUP(B9,segédtábla!$A$1:$C$156,3,FALSE) -> #N/A | C9: =VLOOKUP(B9,segédtábla!$A$1:$C$156,2,FALSE) -> #N/A | E9: =VLOOKUP(C9,'Havi KM'!A:S,4,FALSE) -> #N/A
A10: =VLOOKUP(B10,segédtábla!$A$1:$C$156,3,FALSE) -> #N/A | C10: =VLOOKUP(B10,segédtábla!$A$1:$C$156,2,FALSE) -> #N/A | E10: =VLOOKUP(C10,'Havi KM'!A:S,4,FALSE) -> #N/A
A11: =VLOOKUP(B11,segédtábla!$A$1:$C$156,3,FALSE) -> #N/A | C11: =VLOOKUP(B11,segédtábla!$A$1:$C$156,2,FALSE) -> #N/A | E11: =VLOOKUP(C11,'Havi KM'!A:S,4,FALSE) -> #N/A
A12: =VLOOKUP(B12,segédtábla!$A$1:$C$156,3,FALSE) -> #N/A | C12: =VLOOKUP(B12,segédtábla!$A$1:$C$156,2,FALSE) -> #N/A | E12: =VLOOKUP(C12,'Havi KM'!A:S,4,FALSE) -> #N/A
A13: =VLOOKUP(B13,segédtábla!$A$1:$C$156,3,FALSE) -> #N/A | C13: =VLOOKUP(B13,segédtábla!$A$1:$C$156,2,FALSE) -> #N/A | E13: =VLOOKUP(C13,'Havi KM'!A:S,4,FALSE) -> #N/A
A14: =VLOOKUP(B14,segédtábla!$A$1:$C$156,3,FALSE) -> #N/A | C14: =VLOOKUP(B14,segédtábla!$A$1:$C$156,2,FALSE) -> #N/A | E14: =VLOOKUP(C14,'Havi KM'!A:S,4,FALSE) -> #N/A
A15: =VLOOKUP(B15,segédtábla!$A$1:$C$156,3,FALSE) -> 11+3 | B15: AIFN 168 | C15: Tóth Attila | D15: DK88-20416 | E15: =VLOOKUP(C15,'Havi KM'!A:S,4,FALSE) -> 626,64 km
A16: =VLOOKUP(B16,segédtábla!$A$1:$C$156,3,FALSE) -> 11+3 | B16: AAFP 569 | C16: =VLOOKUP(B16,segédtábla!$A$1:$C$156,2,FALSE) -> Török Sándor | D16: DK88-20396 | E16: =VLOOKUP(C16,'Havi KM'!A:S,4,FALSE) -> 1 629,14 km
A17: =VLOOKUP(B17,segédtábla!$A$1:$C$156,3,FALSE) -> 5+2 | B17: AIFN 158 | C17: Simon Zoltán | D17: CZ24-21475 | E17: =VLOOKUP(C17,'Havi KM'!A:S,4,FALSE) -> 1 431,31 km | F17: Ha van rövid német akkor megy
A18: =VLOOKUP(B18,segédtábla!$A$1:$C$156,3,FALSE) -> 5+2 | B18: PCZ 543 | C18: =VLOOKUP(B18,segédtábla!$A$1:$C$156,2,FALSE) -> Tokorcsi Tibor | D18: CZ51-000079 | E18: =VLOOKUP(C18,'Havi KM'!A:S,4,FALSE) -> 1 330,53 km
A19: =VLOOKUP(B19,segédtábla!$A$1:$C$156,3,FALSE) -> 5+2 | B19: PTT 813 | C19: =VLOOKUP(B19,segédtábla!$A$1:$C$156,2,FALSE) -> Tóth Mihály | D19: DE57-000142 | E19: =VLOOKUP(C19,'Havi KM'!A:S,4,FALSE) -> 345,81 km
A20: =VLOOKUP(B20,segédtábla!$A$1:$C$156,3,FALSE) -> #N/A | B20: RKG 689 | C20: =VLOOKUP(B20,segédtábla!$A$1:$C$156,2,FALSE) -> #N/A | D20: CZ25-21476 | E20: =VLOOKUP(C20,'Havi KM'!A:S,4,FALSE) -> #N/A
A21: =VLOOKUP(B21,segédtábla!$A$1:$C$156,3,FALSE) -> #N/A | C21: =VLOOKUP(B21,segédtábla!$A$1:$C$156,2,FALSE) -> #N/A | E21: =VLOOKUP(C21,'Havi KM'!A:S,4,FALSE) -> #N/A
A22: =VLOOKUP(B22,segédtábla!$A$1:$C$156,3,FALSE) -> #N/A | C22: =VLOOKUP(B22,segédtábla!$A$1:$C$156,2,FALSE) -> #N/A | E22: =VLOOKUP(C22,'Havi KM'!A:S,4,FALSE) -> #N/A
A23: =VLOOKUP(B23,segédtábla!$A$1:$C$156,3,FALSE) -> 11+3 | B23: RKG 685 | C23: =VLOOKUP(B23,segédtábla!$A$1:$C$156,2,FALSE) -> Csák László | E23: =VLOOKUP(C23,'Havi KM'!A:S,4,FALSE) -> 1 157,94 km
A24: =VLOOKUP(B24,segédtábla!$A$1:$C$156,3,FALSE) -> #N/A | C24: =VLOOKUP(B24,segédtábla!$A$1:$C$156,2,FALSE) -> #N/A | E24: =VLOOKUP(C24,'Havi KM'!A:S,4,FALSE) -> #N/A
A25: =VLOOKUP(B25,segédtábla!$A$1:$C$156,3,FALSE) -> #N/A | C25: =VLOOKUP(B25,segédtábla!$A$1:$C$156,2,FALSE) -> #N/A | E25: =VLOOKUP(C25,'Havi KM'!A:S,4,FALSE) -> #N/A
A26: =VLOOKUP(B26,segédtábla!$A$1:$C$156,3,FALSE) -> #N/A | C26: =VLOOKUP(B26,segédtábla!$A$1:$C$156,2,FALSE) -> #N/A | E26: =VLOOKUP(C26,'Havi KM'!A:S,4,FALSE) -> #N/A
A27: =VLOOKUP(B27,segédtábla!$A$1:$C$156,3,FALSE) -> #N/A | C27: =VLOOKUP(B27,segédtábla!$A$1:$C$156,2,FALSE) -> #N/A | E27: =VLOOKUP(C27,'Havi KM'!A:S,4,FALSE) -> #N/A
A28: =VLOOKUP(B28,segédtábla!$A$1:$C$156,3,FALSE) -> #N/A | E28: =VLOOKUP(C28,'Havi KM'!A:S,4,FALSE) -> #N/A
C33: 45659 | D33: Csütörtök | F33: =+COUNTA(B37:B46) -> 4
A35: MI neve | B35: Vontató rendszám | C35: Sofőr(ök) | D35: SZF-SZÁM | E35: Jani megjegyzés | F35: Menetirányító Megjegyzés (érkezés, heti maradék idő, mikor szeretne ind?,hétvége kint?, 24 v 45 kell e?)
A36: =VLOOKUP(B36,segédtábla!$A$1:$C$156,3,FALSE) -> 5+2 | B36: AIFN 163 | C36: =VLOOKUP(B36,segédtábla!$A$1:$C$156,2,FALSE) -> Pilló József + Pillóné S. Judit | D36: NL47-21168 | E36: =VLOOKUP(C36,'Havi KM'!A:S,4,FALSE) -> #N/A
A37: =VLOOKUP(B37,segédtábla!$A$1:$C$156,3,FALSE) -> 5+2 | B37: AIFN 158 | C37: Létaiék | D37: NL50-21456 | E37: =VLOOKUP(C37,'Havi KM'!A:S,4,FALSE) -> #N/A
A38: =VLOOKUP(B38,segédtábla!$A$1:$C$156,3,FALSE) -> 5+2 | B38: AAFP 577 | C38: =VLOOKUP(B38,segédtábla!$A$1:$C$156,2,FALSE) -> Popovics Dávid | D38: LU77-0000115 | E38: =VLOOKUP(C38,'Havi KM'!A:S,4,FALSE) -> 1 838,04 km
A39: =VLOOKUP(B39,segédtábla!$A$1:$C$156,3,FALSE) -> #N/A | C39: =VLOOKUP(B39,segédtábla!$A$1:$C$156,2,FALSE) -> #N/A | E39: =VLOOKUP(C39,'Havi KM'!A:S,4,FALSE) -> #N/A
A40: =VLOOKUP(B40,segédtábla!$A$1:$C$156,3,FALSE) -> #N/A | C40: =VLOOKUP(B40,segédtábla!$A$1:$C$156,2,FALSE) -> #N/A | E40: =VLOOKUP(C40,'Havi KM'!A:S,4,FALSE) -> #N/A
A41: =VLOOKUP(B41,segédtábla!$A$1:$C$156,3,FALSE) -> #N/A | C41: =VLOOKUP(B41,segédtábla!$A$1:$C$156,2,FALSE) -> #N/A | E41: =VLOOKUP(C41,'Havi KM'!A:S,4,FALSE) -> #N/A
A42: =VLOOKUP(B42,segédtábla!$A$1:$C$156,3,FALSE) -> #N/A | C42: =VLOOKUP(B42,segédtábla!$A$1:$C$156,2,FALSE) -> #N/A | E42: =VLOOKUP(C42,'Havi KM'!A:S,4,FALSE) -> #N/A
A43: =VLOOKUP(B43,segédtábla!$A$1:$C$156,3,FALSE) -> #N/A | C43: =VLOOKUP(B43,segédtábla!$A$1:$C$156,2,FALSE) -> #N/A | E43: =VLOOKUP(C43,'Havi KM'!A:S,4,FALSE) -> #N/A
A44: =VLOOKUP(B44,segédtábla!$A$1:$C$156,3,FALSE) -> #N/A | C44: =VLOOKUP(B44,segédtábla!$A$1:$C$156,2,FALSE) -> #N/A | E44: =VLOOKUP(C44,'Havi KM'!A:S,4,FALSE) -> #N/A
A45: =VLOOKUP(B45,segédtábla!$A$1:$C$156,3,FALSE) -> 1/1. | B45: PUN 081 | C45: =VLOOKUP(B45,segédtábla!$A$1:$C$156,2,FALSE) -> Szabó Levente | D45: IT-21479 | E45: =VLOOKUP(C45,'Havi KM'!A:S,4,FALSE) -> 2 412,32 km | F45: beszélni
A46: =VLOOKUP(B46,segédtábla!$A$1:$C$156,3,FALSE) -> 11+3 | B46: AIFN 155 | C46: =VLOOKUP(B46,segédtábla!$A$1:$C$156,2,FALSE) -> Balázs István | D46: FR60-21457 | E46: =VLOOKUP(C46,'Havi KM'!A:S,4,FALSE) -> 1 401,93 km
A47: =VLOOKUP(B47,segédtábla!$A$1:$C$156,3,FALSE) -> 11+3 | B47: AIFN 170 | C47: =VLOOKUP(B47,segédtábla!$A$1:$C$156,2,FALSE) -> Hemmerlein Zoltán | D47: BE90-21460 | E47: =VLOOKUP(C47,'Havi KM'!A:S,4,FALSE) -> 1 867,46 km | F47: NEM MEGY MERT NEM ERRŐL VOLT SZÓ
A48: =VLOOKUP(B48,segédtábla!$A$1:$C$156,3,FALSE) -> 5+2 | B48: PCZ 541 | C48: =VLOOKUP(B48,segédtábla!$A$1:$C$156,2,FALSE) -> Léhner Zsolt | D48: AT12-21377 | E48: =VLOOKUP(C48,'Havi KM'!A:S,4,FALSE) -> 1 816,96 km
A49: =VLOOKUP(B49,segédtábla!$A$1:$C$156,3,FALSE) -> 5+2 | B49: PCZ 542 | C49: =VLOOKUP(B49,segédtábla!$A$1:$C$156,2,FALSE) -> Iklódi Sándor | D49: CZ41-000160 | E49: =VLOOKUP(C49,'Havi KM'!A:S,4,FALSE) -> 1 161,24 km
A50: =VLOOKUP(B50,segédtábla!$A$1:$C$156,3,FALSE) -> 5+2 | B50: PCZ 543 | C50: =VLOOKUP(B50,segédtábla!$A$1:$C$156,2,FALSE) -> Tokorcsi Tibor | D50: CZ51-0079 | E50: =VLOOKUP(C50,'Havi KM'!A:S,4,FALSE) -> 1 330,53 km | F50: hétfőre viszi
A51: =VLOOKUP(B51,segédtábla!$A$1:$C$156,3,FALSE) -> 5+2 | B51: PCZ 544 | C51: =VLOOKUP(B51,segédtábla!$A$1:$C$156,2,FALSE) -> Horváth Ákos | D51: CZ25-21473 | E51: =VLOOKUP(C51,'Havi KM'!A:S,4,FALSE) -> 1 036,99 km
A52: =VLOOKUP(B52,segédtábla!$A$1:$C$156,3,FALSE) -> 5+2 | B52: PJP 384 | C52: =VLOOKUP(B52,segédtábla!$A$21:$C$156,2,FALSE) -> Lázár Gábor | D52: CZ-21474 | E52: =VLOOKUP(C52,'Havi KM'!A:S,4,FALSE) -> 1 156,79 km
A53: =VLOOKUP(B53,segédtábla!$A$1:$C$156,3,FALSE) -> 11+3 | B53: RKG 682 | C53: =VLOOKUP(B53,segédtábla!$A$1:$C$156,2,FALSE) -> Kelemen Imre | E53: =VLOOKUP(C53,'Havi KM'!A:S,4,FALSE) -> 2 133,94 km | F53: KINT MARADT A KOCSIJA
A54: =VLOOKUP(B54,segédtábla!$A$1:$C$156,3,FALSE) -> 11+3 | B54: RKG 685 | C54: =VLOOKUP(B54,segédtábla!$A$1:$C$156,2,FALSE) -> Csák László | D54: DE57-0000141 | E54: =VLOOKUP(C54,'Havi KM'!A:S,4,FALSE) -> 1 157,94 km | F54: vonat
A55: =VLOOKUP(B55,segédtábla!$A$1:$C$156,3,FALSE) -> 0 | B55: SJS 828 | C55: =VLOOKUP(B55,segédtábla!$A$1:$C$156,2,FALSE) -> hengerfejes kivonva | D55: BE23-21380 | E55: =VLOOKUP(C55,'Havi KM'!A:S,4,FALSE) -> #N/A
A56: =VLOOKUP(B56,segédtábla!$A$1:$C$156,3,FALSE) -> 11+3 | B56: SPP 789 | C56: =VLOOKUP(B56,segédtábla!$A$1:$C$156,2,FALSE) -> Tatarek Sándor | D56: #N/A | E56: =VLOOKUP(C56,'Havi KM'!A:S,4,FALSE) -> 823,62 km | F56: nem ér be
A57: =VLOOKUP(B57,segédtábla!$A$1:$C$156,3,FALSE) -> 10+4 | B57: TEY 616 | C57: =VLOOKUP(B57,segédtábla!$A$1:$C$156,2,FALSE) -> Leiner Gábor | D57: BE23-21464 | E57: =VLOOKUP(C57,'Havi KM'!A:S,4,FALSE) -> 1 700,32 km
C60: 45660 | D60: Péntek | F60: =+COUNTA(B63:B72) -> 4
A62: MI neve | B62: Vontató rendszám | C62: Sofőr(ök) | D62: SZF-SZÁM | E62: Jani megjegyzés | F62: Menetirányító Megjegyzés (érkezés, heti maradék idő, mikor szeretne ind?,hétvége kint?, 24 v 45 kell e?)
A63: =VLOOKUP(B63,segédtábla!$A$1:$C$156,3,FALSE) -> #N/A | C63: =VLOOKUP(B63,segédtábla!$A$1:$C$156,2,FALSE) -> #N/A | E63: =VLOOKUP(C63,'Havi KM'!A:S,4,FALSE) -> #N/A
A64: =VLOOKUP(B64,segédtábla!$A$1:$C$156,3,FALSE) -> #N/A | C64: =VLOOKUP(B64,segédtábla!$A$1:$C$156,2,FALSE) -> #N/A | E64: =VLOOKUP(C64,'Havi KM'!A:S,4,FALSE) -> #N/A
A65: =VLOOKUP(B65,segédtábla!$A$1:$C$156,3,FALSE) -> #N/A | C65: =VLOOKUP(B65,segédtábla!$A$1:$C$156,2,FALSE) -> #N/A | E65: =VLOOKUP(C65,'Havi KM'!A:S,4,FALSE) -> #N/A
A66: =VLOOKUP(B66,segédtábla!$A$1:$C$156,3,FALSE) -> #N/A | C66: =VLOOKUP(B66,segédtábla!$A$1:$C$156,2,FALSE) -> #N/A | E66: =VLOOKUP(C66,'Havi KM'!A:S,4,FALSE) -> #N/A
A67: =VLOOKUP(B67,segédtábla!$A$1:$C$156,3,FALSE) -> #N/A | C67: =VLOOKUP(B67,segédtábla!$A$1:$C$156,2,FALSE) -> #N/A | E67: =VLOOKUP(C67,'Havi KM'!A:S,4,FALSE) -> #N/A
A68: =VLOOKUP(B68,segédtábla!$A$1:$C$156,3,FALSE) -> #N/A | C68: =VLOOKUP(B68,segédtábla!$A$1:$C$156,2,FALSE) -> #N/A | E68: =VLOOKUP(C68,'Havi KM'!A:S,4,FALSE) -> #N/A
A69: =VLOOKUP(B69,segédtábla!$A$1:$C$156,3,FALSE) -> 10+4 | B69: AAFP 573 | C69: =VLOOKUP(B69,segédtábla!$A$1:$C$156,2,FALSE) -> Gerstmayer Zoltán | D69: DE30-21214 | E69: =VLOOKUP(C69,'Havi KM'!A:S,4,FALSE) -> 0,0 km
A70: =VLOOKUP(B70,segédtábla!$A$1:$C$156,3,FALSE) -> 11+3 | B70: AAFP 575 | C70: =VLOOKUP(B70,segédtábla!$A$1:$C$156,2,FALSE) -> Hallók Gábor | D70: NL58-00025 | E70: =VLOOKUP(C70,'Havi KM'!A:S,4,FALSE) -> 2 457,27 km
A71: =VLOOKUP(B71,segédtábla!$A$1:$C$156,3,FALSE) -> 11+2 | B71: AAFP 576 | C71: =VLOOKUP(B71,segédtábla!$A$1:$C$156,2,FALSE) -> Csepeti Péter | D71: BE90-000156 | E71: =VLOOKUP(C71,'Havi KM'!A:S,4,FALSE) -> 982,79 km | F71: NEm készült el
A72: =VLOOKUP(B72,segédtábla!$A$1:$C$156,3,FALSE) -> 5+2 | B72: AIFN 162 | C72: =VLOOKUP(B72,segédtábla!$A$1:$C$156,2,FALSE) -> Giber Zoltán | D72: DK88-00018 | E72: =VLOOKUP(C72,'Havi KM'!A:S,4,FALSE) -> 1 523,35 km
A73: =VLOOKUP(B73,segédtábla!$A$1:$C$156,3,FALSE) -> 0 | B73: NVD 231 | C73: =VLOOKUP(B73,segédtábla!$A$1:$C$156,2,FALSE) -> Gérus Elemér | D73: SK-000282 | E73: =VLOOKUP(C73,'Havi KM'!A:S,4,FALSE) -> 603,81 km
A74: =VLOOKUP(B74,segédtábla!$A$1:$C$156,3,FALSE) -> #N/A | B74: NVD 238 | C74: =VLOOKUP(B74,segédtábla!$A$1:$C$156,2,FALSE) -> #N/A | D74: DE30-20760 | E74: =VLOOKUP(C74,'Havi KM'!A:S,4,FALSE) -> #N/A
A75: =VLOOKUP(B75,segédtábla!$A$1:$C$156,3,FALSE) -> 2/1. | B75: PTT 811 | C75: Fodor Károly | D75: NL50-21456 / új autó | E75: =VLOOKUP(C75,'Havi KM'!A:S,4,FALSE) -> 1 559,63 km
A76: =VLOOKUP(B76,segédtábla!$A$1:$C$156,3,FALSE) -> 5+2 | B76: PUN 083 | C76: Farkas Bálint | D76: DE59-21433 | E76: =VLOOKUP(C76,'Havi KM'!A:S,4,FALSE) -> #N/A
A77: =VLOOKUP(B77,segédtábla!$A$1:$C$156,3,FALSE) -> 0 | B77: RKG 687 | C77: =VLOOKUP(B77,segédtábla!$A$1:$C$156,2,FALSE) -> kivonva Szombathelyi Zoltán | D77: FR60-21489 | E77: =VLOOKUP(C77,'Havi KM'!A:S,4,FALSE) -> #N/A
A78: =VLOOKUP(B78,segédtábla!$A$1:$C$156,3,FALSE) -> 11+3 | B78: RKG 690 | C78: =VLOOKUP(B78,segédtábla!$A$1:$C$156,2,FALSE) -> Kopányi László | D78: DE59-21465 | E78: =VLOOKUP(C78,'Havi KM'!A:S,4,FALSE) -> 2 365,46 km
A79: =VLOOKUP(B79,segédtábla!$A$1:$C$156,3,FALSE) -> 5+2 | B79: SNR 413 | C79: Horváth András / GTExpress | D79: NL58-000032 | E79: =VLOOKUP(C79,'Havi KM'!A:S,4,FALSE) -> #N/A
A80: =VLOOKUP(B80,segédtábla!$A$1:$C$156,3,FALSE) -> 17+4 | B80: SPP 785 | C80: =VLOOKUP(B80,segédtábla!$A$1:$C$156,2,FALSE) -> Fábián Szabolcs | D80: BE91+NL75-21513 | E80: =VLOOKUP(C80,'Havi KM'!A:S,4,FALSE) -> 1 855,46 km
A81: =VLOOKUP(B81,segédtábla!$A$1:$C$156,3,FALSE) -> 5+2 | B81: TEY 615 | C81: =VLOOKUP(B81,segédtábla!$A$1:$C$156,2,FALSE) -> Ignéczi Attila + Mura Milán | D81: LU-000157 | E81: =VLOOKUP(C81,'Havi KM'!A:S,4,FALSE) -> #N/A
A82: =VLOOKUP(B82,segédtábla!$A$1:$C$156,3,FALSE) -> #N/A | C82: =VLOOKUP(B82,segédtábla!$A$1:$C$156,2,FALSE) -> #N/A | E82: =VLOOKUP(C82,'Havi KM'!A:S,4,FALSE) -> #N/A
A83: =VLOOKUP(B83,segédtábla!$A$1:$C$156,3,FALSE) -> #N/A | C83: =VLOOKUP(B83,segédtábla!$A$1:$C$156,2,FALSE) -> #N/A | E83: =VLOOKUP(C83,'Havi KM'!A:S,4,FALSE) -> #N/A
A84: =VLOOKUP(B84,segédtábla!$A$1:$C$156,3,FALSE) -> #N/A | C84: =VLOOKUP(B84,segédtábla!$A$1:$C$156,2,FALSE) -> #N/A | E84: =VLOOKUP(C84,'Havi KM'!A:S,4,FALSE) -> #N/A
A85: =VLOOKUP(B85,segédtábla!$A$1:$C$156,3,FALSE) -> #N/A | E85: =VLOOKUP(C85,'Havi KM'!A:S,4,FALSE) -> #N/A
C88: 45661 | D88: Szombat | F88: =+COUNTA(B91:B100) -> 0
A90: MI neve | B90: Vontató rendszám | C90: Sofőr(ök) | D90: SZF-SZÁM | E90: Jani megjegyzés | F90: Menetirányító Megjegyzés (érkezés, heti maradék idő, mikor szeretne ind?,hétvége kint?, 24 v 45 kell e?)
A91: =VLOOKUP(B91,segédtábla!$A$1:$C$156,3,FALSE) -> #N/A | C91: =VLOOKUP(B91,segédtábla!$A$1:$C$156,2,FALSE) -> #N/A | E91: =VLOOKUP(C91,'Havi KM'!A:S,4,FALSE) -> #N/A
A92: =VLOOKUP(B92,segédtábla!$A$1:$C$156,3,FALSE) -> #N/A | C92: =VLOOKUP(B92,segédtábla!$A$1:$C$156,2,FALSE) -> #N/A | E92: =VLOOKUP(C92,'Havi KM'!A:S,4,FALSE) -> #N/A
A93: =VLOOKUP(B93,segédtábla!$A$1:$C$156,3,FALSE) -> #N/A | C93: =VLOOKUP(B93,segédtábla!$A$1:$C$156,2,FALSE) -> #N/A | E93: =VLOOKUP(C93,'Havi KM'!A:S,4,FALSE) -> #N/A
A94: =VLOOKUP(B94,segédtábla!$A$1:$C$156,3,FALSE) -> #N/A | C94: =VLOOKUP(B94,segédtábla!$A$1:$C$156,2,FALSE) -> #N/A | E94: =VLOOKUP(C94,'Havi KM'!A:S,4,FALSE) -> #N/A
A95: =VLOOKUP(B95,segédtábla!$A$1:$C$156,3,FALSE) -> #N/A | C95: =VLOOKUP(B95,segédtábla!$A$1:$C$156,2,FALSE) -> #N/A | E95: =VLOOKUP(C95,'Havi KM'!A:S,4,FALSE) -> #N/A
A96: =VLOOKUP(B96,segédtábla!$A$1:$C$156,3,FALSE) -> #N/A | C96: =VLOOKUP(B96,segédtábla!$A$1:$C$156,2,FALSE) -> #N/A | E96: =VLOOKUP(C96,'Havi KM'!A:S,4,FALSE) -> #N/A
A97: =VLOOKUP(B97,segédtábla!$A$1:$C$156,3,FALSE) -> #N/A | C97: =VLOOKUP(B97,segédtábla!$A$1:$C$156,2,FALSE) -> #N/A | E97: =VLOOKUP(C97,'Havi KM'!A:S,4,FALSE) -> #N/A
A98: =VLOOKUP(B98,segédtábla!$A$1:$C$156,3,FALSE) -> #N/A | C98: =VLOOKUP(B98,segédtábla!$A$1:$C$156,2,FALSE) -> #N/A | E98: =VLOOKUP(C98,'Havi KM'!A:S,4,FALSE) -> #N/A
A99: =VLOOKUP(B99,segédtábla!$A$1:$C$156,3,FALSE) -> #N/A | C99: =VLOOKUP(B99,segédtábla!$A$1:$C$156,2,FALSE) -> #N/A | E99: =VLOOKUP(C99,'Havi KM'!A:S,4,FALSE) -> #N/A
A100: =VLOOKUP(B100,segédtábla!$A$1:$C$156,3,FALSE) -> #N/A | C100: =VLOOKUP(B100,segédtábla!$A$1:$C$156,2,FALSE) -> #N/A | E100: =VLOOKUP(C100,'Havi KM'!A:S,4,FALSE) -> #N/A
A101: =VLOOKUP(B101,segédtábla!$A$1:$C$156,3,FALSE) -> #N/A | C101: =VLOOKUP(B101,segédtábla!$A$1:$C$156,2,FALSE) -> #N/A | E101: =VLOOKUP(C101,'Havi KM'!A:S,4,FALSE) -> #N/A
A102: =VLOOKUP(B102,segédtábla!$A$1:$C$156,3,FALSE) -> #N/A | C102: =VLOOKUP(B102,segédtábla!$A$1:$C$156,2,FALSE) -> #N/A | E102: =VLOOKUP(C102,'Havi KM'!A:S,4,FALSE) -> #N/A
... A112: =VLOOKUP(B112,segédtábla!$A$1:$C$156,3,FALSE) -> #N/A | C112: =VLOOKUP(B112,segédtábla!$A$1:$C$156,2,FALSE) -> #N/A | E112: =VLOOKUP(C112,'Havi KM'!A:S,4,FALSE) -> #N/A
A113: =VLOOKUP(B113,segédtábla!$A$1:$C$156,3,FALSE) -> #N/A | E113: =VLOOKUP(C113,'Havi KM'!A:S,4,FALSE) -> #N/A
C116: 45662 | D116: Vasárnap | F116: =+COUNTA(B119:B157) -> 29
A118: MI neve | B118: Vontató rendszám | C118: Sofőr(ök) | D118: SZF-SZÁM | E118: Jani megjegyzés | F118: Menetirányító Megjegyzés (érkezés, heti maradék idő, mikor szeretne ind?,hétvége kint?, 24 v 45 kell e?)
A119: =VLOOKUP(B119,segédtábla!$A$1:$C$156,3,FALSE) -> 11+3 | B119: SPP 790 | C119: =VLOOKUP(B119,segédtábla!$A$1:$C$156,2,FALSE) -> Vass István | D119: DK88-00011 | E119: =VLOOKUP(C119,'Havi KM'!A:S,4,FALSE) -> #N/A
A120: =VLOOKUP(B120,segédtábla!$A$1:$C$156,3,FALSE) -> 11+3 | B120: SNR 412 | C120: =VLOOKUP(B120,segédtábla!$A$1:$C$156,2,FALSE) -> Molnár Lajos | D120: DK88-20397 | E120: =VLOOKUP(C120,'Havi KM'!A:S,4,FALSE) -> 2 738,73 km
A121: =VLOOKUP(B121,segédtábla!$A$1:$C$156,3,FALSE) -> 5+2 | B121: AAFP 577 | C121: =VLOOKUP(B121,segédtábla!$A$1:$C$156,2,FALSE) -> Popovics Dávid | D121: FR62-21413 | E121: =VLOOKUP(C121,'Havi KM'!A:S,4,FALSE) -> 1 838,04 km | F121: beszélni velük mert hétfőn dől el, hogy 4 kéz vagy Adamek úr egyedül megy
A122: =VLOOKUP(B122,segédtábla!$A$1:$C$156,3,FALSE) -> #N/A | C122: =VLOOKUP(B122,segédtábla!$A$1:$C$156,2,FALSE) -> #N/A | E122: =VLOOKUP(C122,'Havi KM'!A:S,4,FALSE) -> #N/A
A123: =VLOOKUP(B123,segédtábla!$A$1:$C$156,3,FALSE) -> #N/A | C123: =VLOOKUP(B123,segédtábla!$A$1:$C$156,2,FALSE) -> #N/A | E123: =VLOOKUP(C123,'Havi KM'!A:S,4,FALSE) -> #N/A
A124: =VLOOKUP(B124,segédtábla!$A$1:$C$156,3,FALSE) -> 5+2 | B124: AIFN 161 | C124: =VLOOKUP(B124,segédtábla!$A$1:$C$156,2,FALSE) -> Horváth Ferenc | D124: előhúz Mitusra | E124: =VLOOKUP(C124,'Havi KM'!A:S,4,FALSE) -> 1 488,98 km
...

Sheet segédtábla
A1: Rendszám | B1: Nemzetközi sofőr(ök) | C1: Munkarend | D1: Időrend | E1: Preferált Ország | F1: Nem preferált ország | G1: Előhúzni tudunk neki | H1: Megjegyzés hétvégéhez | I1: vonatot vállal | J1: ADR | K1: DiDb | L1: Fülke típus | M1: Kerékméret | N1: TL
A2: AAFP 569 | B2: Török Sándor | C2: 11+3 | D2: hazaérkezés, megbeszélés kérdése | E2: mindegy | F2: UK | G2: Igen | H2: havi 2 hétvége | I2: nem vállal | J2: I | K2: I | L2: Nagy | M2: MEGA | N2: 90 +
A3: AAFP 570 | B3: Iván Árpád Krisztián | C3: 11+3 | D3: vasárnap/hétfői indulás | E3: mindegy | F3: - | G3: igen | H3: havi 2 hétvége | I3: nem vállal | J3: I | K3: I | L3: Nagy | M3: MEGA | N3: napidíj, fekete macska
A4: AAFP 571 | B4: Sipőcz Dániel | C4: 10+4 | D4: hétfői indulás | E4: Mindegy Spanyol is | F4: - | G4: Igen | H4: havi 2 hétvége | I4: igen, alkalmi | J4: I | K4: I | L4: Nagy | M4: NAGYK. | N4: megy csinálja, de kell a pihi néha szerdáról péntekre
A5: AAFP 572 | B5: Pázmándi János | C5: 11+3 | D5: vasárnap/hétfő indulás | E5: Belga, Holland | F5: - | G5: Nem | H5: 1-2, megbeszélés kérdése | I5: havi 2 hétvége | J5: I | K5: I | L5: Nagy | M5: MEGA | N5: Moerdijk fuvar de utolsó pillanatban táppénz
A6: AAFP 573 | B6: Gerstmayer Zoltán | C6: 10+4 | D6: vasárnap/hétfő indulás | E6: Mindegy | F6: Anglia | G6: Igen | H6: havi 2 hétvége | I6: nem | J6: I | K6: I | L6: Nagy | M6: MEGA | N6: hétvégézős visegrádi, metál zene
A7: AAFP 574 | B7: Vancsó Attila | C7: 11+3 | D7: vasárnap/hétfő indulás | E7: Mindegy | F7: - | G7: Igen | H7: havi 2 hétvége | I7: igen, alkalmi | J7: I | K7: I | L7: Nagy | M7: MEGA | N7: előhúzós terhelhető most egy kicsit sok neki a munka
A8: AAFP 575 | B8: Hallók Gábor | C8: 11+3 | D8: Hétfői Mitsu, Hemmerlein párja | E8: Mindegy | F8: Anglia | G8: Igen | H8: havi 2 hétvége | I8: igen | J8: I | K8: I | L8: Nagy | M8: MEGA | N8: hetente jön haza minden második hétvége mitsubishis körforgásban
A9: AAFP 576 | B9: Csepeti Péter | C9: 11+2 | D9: vasárnap este/hétő indulás | E9: Olasz de elmegy bárhova | F9: - | G9: Igen | H9: havi 2 hétvége | I9: nem vállal | J9: I | K9: n | L9: Közép | M9: MEGA | N9: hosszú belga vagy hosszú francia és nem kell hívni szól ha elkésik magától
A10: AAFP 577 | B10: Popovics Dávid | C10: 5+2 | D10: vasárnap este/hétő indulás | E10: cseh, osztrák, rövid német - tervezhetően | F10: Holland, Belga, Francia | G10: Nem | H10: nem vállal | I10: nem vállal | J10: I | K10: I | L10: Nagy | M10: MEGA | N10: 90 +, mindig megbeszélni a munkát, sok rövid munka amit szeret
A11: AAFP 578 | B11: Németh Nándor | C11: 11+3 | D11: ahogy kijön | E11: Mindegy | F11: - | G11: Igen | H11: havi 2 hétvége | I11: még nem volt, alkalmit esetleg | J11: I | K11: I | L11: Nagy | M11: MEGA | N11: DSV kör Gáli Zolika néha elővezet nekik
A12: AAKL 826 | B12: Kakulya Zsolt | C12: 5+2 | D12: Vasárnap esti induló, péntek este/szombat reggel hazaérkezés | E12: német, olasz | F12: - | G12: nem | H12: nem vállal | I12: nem | J12: I | K12: I | L12: Nagy | M12: MEGA | N12: mindig más a felállás vagy hosszú vagy rövid munka
... A15: AIFN 151 | B15: Bagi Lajos + Bagi Márió | C15: 5+2 | D15: Vasárnap esti | E15: Begla, Holland | F15: ANGLIA | G15: nem | H15: nem vállal | I15: nem | J15: I | K15: I | L15: Nagy | M15: MEGA | N15: ha megfelelő a munka akkor rendben van minden ha nem akkor nem gond
A16: AIFN 152 | B16: Kiss Sándor | C16: 5+2 | D16: Vasárnap esti | E16: német, holland, belga, dánia | F16: Csehország | G16: NEM | H16: nem vállal | I16: nem | J16: I | K16: I | L16: Nagy | N16: vasárnap este Oostrum, aztán minden második hét csütörtök előhúzás
A17: AIFN 153 | B17: Tóth Zsolt | C17: 5+2 | D17: vasárnap este/hétő indulás | E17: mindegy | F17: mindegy | G17: nem | H17: nem vállal | I17: nem vállal | J17: I | K17: I | L17: Nagy | N17: egy közepes munka majd egy rövid munka amit szeret (Hannover + cseh) hétvége itthon
A18: AIFN 154 | B18: Hamecz Zsolt + Zsoltné | C18: 11+3 | D18: Szombat/Hétfő | E18: Schenker | F18: Anglia | G18: igen | H18: havi 2 hétvége | I18: nem | J18: I | K18: I | L18: KÖZÉP | M18: MEGA | N18: Világból kimennek, tolják neki nagyon mindent igyekeznek megoldani
A19: AIFN 155 | B19: Balázs István | C19: 11+3 | D19: vasárnap/hétfő indulás | E19: mindegy | F19: - | G19: igen | H19: havi 2 hétvége | I19: igen, de nem fixen | J19: I | K19: I | L19: KÖZÉP | M19: MEGA | N19: idő legyen kivezeve, és 45 után indulhasson két hetezik
A20: AIFN 156 | B20: Török Attila | C20: 11+3 | D20: Vasárnap esti | E20: Belga, Holland, Francia, Német | F20: vonat | G20: Igen, de szólni kell előre | H20: havi 1-2 hétvége | I20: nem | J20: I | K20: I | L20: KÖZÉP | M20: MEGA | N20: kéthetezős régi sofőr sokat dolgozik megold mindent
A21: AIFN 157 | B21: Kata József | C21: 5+2 | D21: vasárnap/hétfő indulás keddi F60 | E21: Mindegy | F21: Svájc, Anglia | G21: nem | H21: nem vállal | I21: nem | J21: I | K21: I | L21: KÖZÉP | M21: MEGA | N21: Crepy + két hetente Luxemburg hétvége mindig itthon
A22: AIFN 158 | B22: Létai Ferenc + Létainé Zsuzsa | C22: 5+2 | D22: hétfő délutáni indulás | E22: Mindegy | F22: Angol, Olasz | G22: Igen, de szólni | H22: nem vállal | I22: nem | J22: I | K22: I | L22: Nagy | M22: MEGA | N22: csak doboz nem tud spaniferezni, ugrálni, ponyvázni
A23: AIFN 159 | B23: Simon Zoltán | C23: 5+2 | D23: vasárnap/hétfő indulás | E23: német | F23: ANGLIA | G23: Nem | H23: NEm vállal | I23: nem | J23: I | K23: I | L23: Közép | N23: Richter párja ő csinálja a DE85 kört
A24: AIFN 160 | B24: Németh Zsolt | C24: 5+2 | D24: vasárnap/hétfő indulás | E24: belga, holland | F24: Angol | G24: eseti | H24: nem vállal | I24: igen, alkalmi | J24: I | K24: I | L24: Közép | N24: hétfőn belföldezek, kedden egy hosszú csütörtöki lerakóval hétvége itthon
A25: AIFN 161 | B25: Horváth Ferenc | C25: 5+2 | D25: Vasárnap esti | E25: előhúzás+holland | F25: angol, olasz | G25: nem | H25: nem vállal | I25: igen, alkalmi | J25: I | K25: I | L25: Közép | M25: MEGA | N25: MItsubishi körben van benne
A26: AIFN 162 | B26: Giber Zoltán | C26: 5+2 | D26: pénteki indulás | E26: Dánia | F26: - | G26: Ritkán | H26: havi 4 hétvége | I26: nem | J26: I | K26: I | N26: minden pénteken megy Dániába
A27: AIFN 163 | B27: Pilló József + Pillóné S. Judit | C27: 5+2 | D27: vasárnap esti/hétfő esti | E27: Mindegy | F27: Anglia, Svájc | G27: Igen, de szólni kell előre | H27: Ne legyen sok Freiberg | I27: nem | J27: I | K27: I | N27: dolgoznak mennek, legyen rendben minden mert különben gond van
A28: AIFN 164 | B28: Tóth Attila | C28: 10+3 | D28: Vasárnap | E28: Német 99,7, Holland, Belga, Dánia | F28: Anglia, Olasz | G28: nem | H28: havi 2 hétvége - inkább doboz | I28: nem | J28: I | K28: I | N28: nem fogad előhúzást néha hétvégézik megbeszélés kérdése nem a pénzért csinálja
A29: AIFN 165 | B29: Csicsai Gábor | C29: 5+2 | D29: Vasárnap esti induló | E29: Dánia, majd AT rövid | F29: Anglia, olasz, francia | G29: előhúzó | H29: nem vállal | I29: nem | J29: I | K29: I | N29: vasárnap indul Dániába vissza jön és még belföldezik
A30: AIFN 166 | B30: Katona Gábor | C30: 5+2 | D30: Hétfő este | E30: DK | F30: ANGLIA , FRANCIA | G30: Igen, de szólni kell előre | H30: nem vállal | I30: nem | J30: I | K30: I | N30: hétfőn vagy vasárnap indul Dániába belföldet is vállal
A31: AIFN 167 | B31: Slebárszky Attila Gábor | C31: 11+3 | D31: vasárnap/hétfő indulás | E31: Francia | F31: Olasz | G31: Nem | H31: hónap 1. hétvége kint | I31: nem | J31: I | K31: I | N31: francia pályát szereti de megy és intézi a dolgokat fekete macska
A32: AIFN 168 | B32: Fodor Károly | C32: 11+3 | D32: kedd/szerda indulás | E32: holland, belga, francia | F32: - | G32: Igen | H32: havi 2 hétvége | I32: igen, alkalmi | J32: I | K32: I | N32: idősebb kolléga ha lehet dobozt szeret húzni, nem szeret spaniferezni kéthetezik kedden szeret kezdeni
A33: AIFN 169 | B33: Hanzi György Lehel | C33: 5+2 | D33: vasárnap/hétfő indulás | E33: Olasz | F33: - | G33: Igen | H33: eseti | I33: igen, alkalmi de szóljunk előre | J33: I | K33: I | N33: olasz pálya hétvége itthon, vasárnap tud indulni
A34: AIFN 170 | B34: Hemmerlein Zoltán | C34: 11+3 | D34: vasárnap/hétfő indulás | E34: Belga, Holland, DÁn | F34: - | G34: Igen, de szólni kell előre | H34: havi 1 hétvége | I34: nem | J34: I | K34: I | N34: Mitsubishis körben van benne
A35: AOMB 251 | B35: Musicz Miklós / Hollósi László | C35: 5+2 | D35: hétfői reggeli indulás | E35: Dánia | F35: a többi | G35: nem | H35: nem vállal | I35: nem | J35: I | K35: I | L35: Közép
A36: AOMB 252 | B36: Árvai József | C36: 5+2 | D36: DSV | E36: német | F36: - | G36: nem | H36: nem vállal | I36: nem | J36: I | K36: I | L36: Közép
A37: AOMB 253 | B37: Szegedi Róbert | C37: 5+2 | D37: DSV | E37: német | F37: - | G37: nem | H37: nem vállal | I37: nem | J37: I | K37: I | L37: Közép
A38: AOMB 254 | B38: Kern Károly János | C38: 5+2 | D38: hétfő reggeli indulás | E38: német, holland, belga, dánia | F38: francia, angol, olasz | G38: eseti | H38: havi 0-1 hétvége | I38: nem | J38: I | K38: I | L38: Közép
A39: AOMB 255 | B39: Nagy Szabina + Kálmán János | C39: 5+2 | D39: vasárnap esti | E39: belga, holland | F39: - | G39: igen | H39: eseti | I39: nem | J39: I | K39: I | L39: Közép
A40: AOMB 256 | B40: Gonda Róbert | C40: 11+3 | D40: 2 hetezős | E40: mindegy | F40: angol | G40: Nem | H40: havi 2 hétvége | I40: nem | J40: I | K40: I | L40: Közép
A41: AOMB 257 | B41: Hrasztics Tamás | C41: 5+2 | D41: Vasárnap esti induló | E41: NL75 KEDD, Szerda előhúz | F41: Anglia, OLASZ | G41: Igen | H41: havi második hétvége kint | I41: nem | J41: I | K41: I | L41: Közép
A42: AOMB 258 | B42: Ormándi Máriusz | C42: 5+2 | D42: hétfői indulás | E42: Holland, Belga | F42: Anglia | G42: Nem | H42: havi 1-2 hétvége | I42: igen, alkalmi | J42: I | K42: I | L42: Közép
A43: AOMB 259 | B43: Lakatos Róbert | C43: 11+3 | D43: vasárnap/hétfő indulás | E43: mindegy | F43: ANGLIA | G43: Igen | H43: havi 2 hétvége | I43: alkalmi | J43: I | K43: I | L43: Közép
A44: AOMB 260 | B44: Richter Róbert Csaba | C44: 5+2 | D44: egyik héten vasárnap indul, kövi hétfőn | E44: viszont | F44: - | G44: nem | H44: Ingolstadt / Simon Zoli párja | I44: nem | J44: I | K44: I | L44: Közép
A45: NKW 936 | B45: Molárovits Zoltán Edvin | C45: 2/1. | D45: hétfői reggeli indulás 2 hét, F.B párja | E45: Frankfurt 2 heti 3 forduló | F45: Dánia, Anglia | G45: Nem | H45: havi 1 hétvége | I45: igen, alkalmi | J45: I | K45: I | L45: Közép | M45: MEGA
A46: NRZ 695 | B46: Kálóczi Péter | C46: 11+3 | D46: hazaérkezés, megbeszélés kérdése | E46: mindegy | F46: - | G46: nem | H46: havi 2 hétvége | I46: nem | J46: I | K46: I | L46: Közép | M46: MEGA | N46: legrégebbi nemzetközis autóval dolgozik, mindenhova odaér és mindenféle felaadtot megold de néha pihenő kell neki szerdától hétfőig
A47: PCZ 541 | B47: Léhner Zsolt | C47: 5+2 | D47: vasárnap esti/hétfő esti indulás | E47: Csehország, Rövid Német, Ausztria | F47: - | G47: nem | H47: nem vállal | I47: nem | J47: I | K47: I | L47: Közép | M47: MEGA | N47: az a könnyített aki egyben MEGA is, Olaszországba nem szeret menni, még egy fuvar esetén felmond
A48: PCZ 542 | B48: Iklódi Sándor | C48: 5+2 | D48: vasárnap esti/hétfő esti indulás | E48: Csehország, Rövid Német, Ausztria, Olasz | F48: - | G48: Nem | H48: havi 2 hétvége | I48: nem | J48: I | K48: I | L48: Közép | M48: NAGYK. | N48: St. Egidient hordja párban Lázár Gáborral, mindent megcsinál
A49: PCZ 543 | B49: Tokorcsi Tibor | C49: 5+2 | D49: vasránap/hétfői indulás | E49: mindegy | F49: mindegy | G49: igen | H49: nem vállal | I49: nem vállal | J49: I | K49: I | L49: Közép | M49: NAGYK. | N49: ha nem keresem ő nem keres de ha felveszi a fonalat nagyon jó mukát végez
A50: PCZ 544 | B50: Horváth Ákos | C50: 5+2 | D50: vasárnap esti/hétfő esti indulás | E50: Csehország, Rövid Német, Ausztria | F50: - | G50: igen | H50: nem vállal | I50: nem vállal | J50: I | K50: I | L50: Közép | M50: NAGYK. | N50: jól beszél angolul, könnyített és a világ végére is elmegy
A51: PJP 381 | B51: kivonav hengerfejes | L51: Közép | M51: NAGYK.
A52: PJP 382 | B52: kivonva / leállítva / másodiknak | C52: 5+2 | D52: vasárnap esti/hétfő esti indulás | E52: Csehország, Rövid Német, Ausztria | F52: spanyol | H52: nem vállal | I52: nem | J52: I | K52: I | L52: Közép | M52: NAGYK.
A53: PJP 383 | B53: kivonva / leállítva Eszlárinak | L53: Közép | M53: NAGYK.
A54: PJP 384 | B54: Lázár Gábor | C54: 5+2 | D54: egyik héten vasárnap indul, kövi hétfőn | E54: cseh, osztrák, rövid német - tervezhetően | F54: a többi | G54: nem | H54: nem vállal | I54: nem | J54: I | K54: I | L54: Közép | M54: NAGYK. | N54: Iklódi Sanyi komplementere, St Egeidient hordja
A55: PJP 385 | B55: kivonva / leállítva / elsőnek Horgos N | J55: I | K55: I | L55: Közép | M55: NAGYK.
A56: PTT 809 | B56: Balogh Dávid | C56: 4+3 | D56: 1 héten 1-et fordul vasárnap indul | J56: n | K56: n | L56: Nagy | M56: MEGA | N56: napidíj király, facebook kaminos csoport önjelölt sztárja, szióka
A57: PTT 810 | B57: Hadi Krisztián | C57: 5+2 | D57: vasárnap/hétfői indulás | E57: Olasz | F57: hosszú | G57: igen | H57: havi 1 hétvége | I57: nem vállal | J57: I | K57: I | L57: Nagy | M57: MEGA | N57: éppen Bálint fiával váltják egymást két hetes körökben
A58: PTT 811 | B58: Vincze Gábor | C58: 2/1. | D58: vasárnap este/hétő indulás | E58: mindegy | F58: - | G58: igen | H58: vállal | I58: nem vállal | J58: I | K58: I | L58: Nagy | M58: MEGA | N58: 2/1-es munkarendben dolgozik nincs még ADR-je és két hétvégét folyamatban vállal
A59: PTT 813 | B59: Tóth Mihály | C59: 5+2 | D59: Hétfőtől péntekig | E59: - | F59: - | G59: Nem | H59: - | I59: Bécs Vonat | J59: I | K59: I | L59: Nagy | M59: MEGA | N59: hétvégére itthon kell lennie de megcsinál mindent
A60: PTT 814 | B60: Marton Péter | C60: 11+3 | D60: hétfői indulás | E60: Holland, Belga | F60: Anglia, Olasz, Román | G60: Igen, de szólni kell előre | H60: havi 3 hétvége | I60: nem | J60: I | K60: I | L60: Nagy | M60: MEGA | N60: kéthetes munkarendben dolgozik mindent megcsinál
A61: PTT 815 | B61: Busi Sándor János | C61: 11+3 | D61: vonatos | E61: Mindegy Spanyol is | F61: - | G61: Nem | I61: FIX VONATOS | J61: I | K61: I | L61: Közép | M61: MEGA | N61: vonatos kolléga mezőtúri úr aki küzd kihívásokkal nem mindig időben szól
A62: PUN 079 | B62: Knyihár Adrián | C62: 11+3 | D62: vasárnap/hétfői indulás | E62: Francia | F62: Angol, Olasz | G62: igen | H62: havi 2 hétvége | I62: nem vállal | J62: n | K62: n | L62: Nagy | M62: MEGA | N62: olasz pálya a preferált, gerincproblémákkal küzd, előhúzni szeret, de mindig van vaéami gond
A63: PUN 080 | B63: Árgyellán István Augusto | C63: 5+2 | D63: vasárnap este/hétő indulás | E63: mindegy | F63: - | G63: igen | H63: nem vállal | I63: nem vállal | J63: I | K63: I | L63: Nagy | M63: MEGA
A64: PUN 081 | B64: Szabó Levente | C64: 1/1. | D64: keddi kezdés | E64: mindegy | F64: mindegy | G64: igen | H64: havi 2 hétvége | I64: nem vállal | J64: I | K64: I | L64: Nagy | M64: MEGA | N64: terhelhető, az információ szolgáltatás mintapéldnya, de felmondott sajnos
A65: PUN 082 | B65: Tóth Zoltán József | C65: 11+3 | D65: ahogy kijön | E65: Bármi, kivéve ami nem | F65: Angol, Olasz | G65: Igen | H65: havi 2 hétvége | I65: FIX VONATOS | J65: I | K65: I | L65: Közép | M65: MEGA | N65: vonatos kolléga jó kolléga, Jani nagyon szeret vele együtt dolgozni, felesége sajnos beteg
A66: PUN 083 | B66: Drozd Péter | C66: 5+2 | D66: Hétfő este | E66: Belga, Holland, Francia, Dán | F66: Anglia | G66: Nem | H66: nem vállal | I66: néha oké ( 2hetente 1-2) | J66: I | K66: I | L66: Közép | M66: MEGA | N66: hétfő este indulás és sajnos ennyi, heti egy kanyar
A67: PUN 084 | B67: Lajkó Zsolt | C67: 11+3 | D67: hétői indulás | E67: - | F67: - | G67: igen | H67: havi 2 | I67: FIX VONATOS | J67: I | K67: I | L67: Nagy | M67: MEGA | N67: vonatos kolléga, tatabányai hős, nagyon önfeláldozó, jó kolléga
A68: PUN 087 | B68: Árvai Gábor | C68: 5+2 | D68: Hetelős | E68: cseh, osztrák, rövid német - tervezhetően | F68: z | G68: igen | H68: nen vállal | I68: nem | J68: I | K68: I | L68: Nagy | M68: MEGA | N68: Józsinak a testvére, 90 óráig mindent megcsinál
A69: PUN 088 | B69: Tőzsér Gábor | C69: 5+2 | D69: vasárnap/hétfő indulás | E69: Német DHL | F69: Anglia | G69: nem | H69: nem vállal | I69: nem vállal | J69: I | K69: N | L69: Nagy | M69: MEGA | N69: KOvács Márton komplementere a szerdai MItsubishit hordja
A70: PUN 089 | B70: gazdátaln / kivonva / hengerfejes / leállítva | L70: Nagy | M70: MEGA
A71: RKG 681 | B71: Simon Gábor | C71: 11+3 | D71: vasárnap/hétfő indulás | E71: német/holland belga | F71: - | G71: igen | H71: havi 2 hétvége | I71: nem vállal | J71: n | K71: n | L71: Közép | M71: MEGA | N71: váltásban dolgozik Farkas Rudolffal, a work-life balance-ot különüsen szem előtt tartja
A72: RKG 682 | B72: Kelemen Imre | C72: 11+3 | D72: Vonatos beosztás szerint | E72: - | F72: - | G72: Igen, de szólni kell előre | H72: hav 2 hétvége | I72: igne, alkalmi | J72: I | K72: I | L72: Nagy | M72: MEGA | N72: érdemes részletesen ismertetni vele a feladatokat
A73: RKG 683 | B73: Mórocz István | C73: 11+3 | D73: vasárnap/hétő | E73: mindegy | F73: - | G73: igen | H73: havit 2 hétvége | I73: nem vállal | J73: n | K73: n | L73: Nagy | M73: MEGA | N73: kivezeti az idejét de meg kell vele találni a hangot, jól dolgozik
A74: RKG 684 | B74: Choijiljav Batbaatar | C74: 11+3 | D74: 45-ös pihenő után indul | E74: mindegy | F74: mindegy, de Angliába vízum kell neki | G74: Igen | H74: minden második hétvége itthon | I74: igen | J74: I | K74: I | L74: Nagy | M74: MEGA
A75: RKG 685 | B75: Csák László | C75: 11+3 | D75: vasárnap/hétfő indulás | E75: mindegy | F75: - | G75: Igen | H75: vonattól függen | I75: FIX VONATOS | J75: I | K75: I | L75: Nagy | M75: MEGA | N75: vonatos kolléga, nagyon jó mukaerő
A76: RKG 686 | B76: Mellencsuk Attila | C76: 11+3 | D76: vasárnap este/hétő indulás | E76: mindegy | F76: - | G76: igen | H76: havi 2 hétvége | I76: igen | J76: n | K76: n | L76: Nagy | M76: MEGA | N76: Berek Gábor fia, hétvégén itthon szeret lenni de kldhető mindenhova
A77: RKG 687 | B77: kivonva Szombathelyi Zoltán | L77: Nagy | M77: MEGA | N77: szereti kifejezni nemtetszését, de dolgozik
A78: RKG 688 | B78: Berki Richárd Sándor | C78: 2/1. | D78: megbeszélés szerint | E78: mindegy | F78: Anglia | G78: Igen, de szólni kell előre | H78: vállal | I78: nem vállal | J78: I | K78: I | L78: Nagy | M78: MEGA | N78: másik váltós Kese és Vincze mellett
A79: RKG 690 | B79: Kopányi László | C79: 11+3 | D79: vasárnap/hétfő indulás | E79: Holland, Német | F79: - | G79: igen | H79: havi 2 hétvége | I79: havi 2 | J79: I | K79: I | L79: Nagy | M79: MEGA | N79: kedden induló de már felmondási idejét tölti
A80: RPH 684 | B80: Moldicz Tamás | C80: 5+2 | D80: vasárnap/hétfői indulás | E80: Holland, Német Belga | F80: - | G80: nem | H80: nem vállal | I80: nem | J80: N | K80: N | L80: Nagy | N80: Dániábab járó kollégák, két hetes ciklusban váltják egymást
A81: SJS 828 | B81: hengerfejes kivonva | L81: Nagy | M81: MEGA | N81: mindent megcsinál
A82: SJS 829 | B82: Polyák László | C82: 5+2 | D82: vasárnap/hétfő indulás | E82: mindegy (csak doboz) | F82: mindegy | G82: nem | H82: nem vállal | I82: nem vállal | J82: I | K82: I | L82: Nagy | M82: MEGA | N82: dobozos pótkocsit húz
A83: SNR 412 | B83: Molnár Lajos | C83: 11+3 | D83: vasárnap/hétfő indulás | E83: mindegy | F83: - | G83: nem | H83: havi 2 hétvége | I83: alkalmanként | J83: I | K83: I | L83: közép | M83: MEGA | N83: dolgoznak mennek, Hameczék és Szabináék közt helyezkednek el munkabírásban
A84: SNR 416 | B84: Lutz Márk Richárd | C84: 11+3 | D84: vasárnap/hétfő | E84: mindegy | F84: Anglia, Svájc | G84: igen | H84: minden második hétvége itthon | I84: ha szükséges akkor vállal | J84: n | K84: n | L84: közép | M84: MEGA | N84: beugrós sofőr lehet hajtani de beugrós pilóta
A85: SNR 418 | B85: Berek Gábor | C85: 11+3 | D85: vasránap/hétfői indulás | E85: mindegy | F85: - | G85: igen | H85: havi 2 hétvége | I85: nem | J85: I | K85: I | L85: Nagy | N85: Berek Dániel apja, jó sofőr csinálja a dolgát, lehet neki előhúzni, csinálja a dolgát
A86: SPP 781 | B86: Balázs Tibor | C86: 5+2 | D86: vasárnap/hétfő indulás | E86: belga, holland | F86: osztrák | G86: néha | H86: havi 1 hétvége | I86: nem | J86: I | K86: I | L86: Nagy | M86: MEGA | N86: előre le kell vele beszélni mit csinál és akkor nincsen gond
A87: SPP 782 | B87: Meilinger Ádám | C87: 11+3 | D87: vasárnap/hétfői indulás | E87: mindegy | F87: - | G87: igen | H87: havi 2 hétvége | I87: nem vállal | J87: I | K87: I | L87: Nagy | M87: MEGA | N87: vonatos kolléga, jól dolgozik és nyugodt
A88: SPP 783 | B88: Pollák Péter | C88: 10+4 | D88: Vasárnap esti induló | E88: Német, Belga, Holland, Francia, Dán | F88: - | G88: Igen | H88: havi 2 hétvége | I88: igen, alkalmi de szóljuk előre | J88: I | K88: I | L88: Nagy | M88: MEGA | N88: kemény dió, nehéz vele de ha azt kapja amit kér munkát akkor lehet vele haladni
A89: SPP 784 | B89: Berek Dániel | C89: 5+2 | D89: vasárnap/hétfő indulás | E89: mindegy | F89: Anglia | G89: igen | H89: nem vállal | I89: nem vállal | J89: I | K89: I | L89: Nagy | M89: MEGA | N89: folyamatos interakciót igényel, hétfőn indul miután a büfé kinyitott
A90: SPP 785 | B90: Fábián Szabolcs | C90: 17+4 | D90: Pihenő után bármikor | E90: mindegy | F90: Anglia | G90: Igen | H90: 2-3 hétvége | I90: nem vállal | J90: n | K90: n | L90: Nagy | M90: MEGA | N90: kéthetezős kolléga, mindent megcsinál lehet neki előhúzni, ki akarja vezetni az idejét mindig
A91: SPP 787 | B91: kivonva | L91: Nagy | M91: MEGA | N91: megy nagyon de hisztizik sajnos, viszont tud dolgozni
A92: SPP 788 | B92: Kozma István / Farkas Rudolf | C92: 5+2 | D92: vasárnap/hétfő indulás | E92: mindegy | F92: Anglia | G92: igen, ha van értelme | H92: havi 2 hétvége | I92: igen, alkalmi | J92: I | K92: I | L92: Nagy | M92: MEGA | N92: megcsinál mindent, hétfő délután indul, SMS-ben kommunikál jól dolgozik
A93: SPP 789 | B93: Tatarek Sándor | C93: 11+3 | D93: vasárnap/hétfő indulás | E93: belga, holland | F93: olasz, spanyol | G93: nem | H93: havi 2 hétvége | I93: igen, alkalmi | J93: I | K93: I | L93: Nagy | M93: MEGA | N93: kéthetezik, lehet neki előhúzni, nagyon fel tudja magát bosszantani sajnos
A94: SPP 790 | B94: Vass István | C94: 11+3 | D94: vasárnap/hétfő indulás | E94: belga, holland | F94: Franciaország | G94: igen | H94: havi 2 hétvége | I94: nem vállal | J94: n | K94: n | L94: Nagy | M94: MEGA | N94: platózik a teljesítmény hajtósak lennének de most valami ne stimmel náluk
A95: TEY 612 | B95: Szkolcsek György | C95: 11+3 | D95: hétfő indulás hajnal/reggel | E95: mindegy | F95: mindegy | G95: igen | H95: havi 2 hétvége | I95: nem vállal | J95: n | K95: n | L95: Nagy | M95: MEGA | N95: DSV kör másik fele, Árvai József komplementere
A96: TEY 613 | B96: Áncsák János 04.14 | C96: 5+2 | L96: Nagy | M96: MEGA | N96: DE85
A97: TEY 614 | B97: Dalanics Zsolt | C97: 11+3 | D97: vasárnap/hétfő indulás | E97: Mindegy | F97: osztrák, cseh, szlovák | G97: Igen | H97: havi 2 hétvége | I97: igen, alkalmi | J97: I | K97: I | L97: Nagy | M97: MEGA | N97: csinálja a dolgát megy, két hetezik
A98: TEY 615 | B98: Ignéczi Attila + Mura Milán | C98: 5+2 | D98: vasárnap/hétfői indulás | E98: Holland, Belga | F98: - | G98: Igen | H98: nem vállal | I98: nem vállal | J98: n | K98: n | L98: Nagy | M98: MEGA | N98: NL 75, oda jár állandóan enschede munkát szereti, kéthetente előhúz
A99: TEY 616 | B99: Leiner Gábor | C99: 10+4 | D99: vasárnap/hétfő indulás | E99: Olasz | F99: Anglia | G99: Igen | H99: havi 2 hétvége | I99: igen, alkalmi | J99: I | K99: I | L99: Nagy | M99: MEGA | N99: szerda dán, péntek 04:30
A100: TEY 617 | B100: Tatai Sándor | C100: 5+2 | D100: szombati indulás | E100: Olasz; Spanyol | F100: Minden ami nem Olasz | G100: Igen | H100: Jakab G párja | I100: nem | J100: I | K100: I | L100: Nagy | M100: MEGA | N100: németbe nem emgy, olasz spanyol pálya, mediterrán pálya
A101: TEY 618 | B101: Kovács Márton Péter | C101: 11+3 | D101: hazaérkezés, megbeszélés kérdése | E101: 5 | F101: - | G101: Igen | H101: havi 2 hétvége | I101: nem | J101: I | K101: I | L101: Nagy | M101: MEGA | N101: mitsubishis kör szerdai és pénteki tagja tagja
A102: TEY 619 | B102: Sógorka Csaba | C102: 5+2 | D102: Vasárnap esti | E102: 1rövid(AT)+1hosszabb (B,NL) | F102: Anglia, Olasz | G102: Nem | H102: nem vállal | I102: nem | J102: I | K102: I | L102: Nagy | M102: MEGA | N102: vasárnap előhúz aztán egy 1000-es fuvar
...

Sheet Havi KM
A1: Sofőr | B1: Dátum/Intervallum | C1: Megtett km (CAN/FMS) | D1: Megtett km (GPS) | E1: Mozgási idő | F1: Munkaidő kezdete | G1: Munkaidő vége | H1: Munkaidő | I1: Gyújtáson töltött idő | J1: Tachográf vezetési idő | K1: Mért vezetési idő | L1: Tachográf munkaidő | M1: Tachográf munka- és vezetési idő | N1: Elhasznált üzemanyag | O1: Elhasznált üzemanyag (szonda) | P1: Átlag üzemanyag fogyasztás (CAN/FMS) | Q1: Átlag üzemanyag fogyasztás (GPS) | R1: Óránkénti üzemanyag fogyasztás | S1: Szenzor #3 | U1: Szenzor #3
A2: Adamek István | B2: 2026. 04. 01. - 2026. 04. 06. | C2: 1 753,29 km | D2: 1 752,23 km | E2: 0.87532407 | F2: 2026.04.01. 11:24:01 | G2: 2026.04.06. 23:59:56 | H2: 1.5889815 | I2: 0.9375463 | J2: 0.88472222 | K2: 0.88032407 | L2: 0.014618056 | M2: 0.89934028 | N2: 452,0 l | O2: 460,6 l | P2: 25,78 l/100km | Q2: 25,8 l/100km | R2: 11,85 l/h | S2: 0 | U2: 0
A3: Aranyos László | B3: 2026. 04. 01. - 2026. 04. 06. | C3: 604,45 km | D3: 595,98 km | E3: 0.43847222 | F3: 2026.04.01. 05:15:05 | G3: 2026.04.02. 15:45:14 | H3: 1.01875 | I3: 0.54523148 | J3: 0.44236111 | K3: 0.43387731 | L3: 0.17273148 | M3: 0.61509259 | N3: 157,0 l | O3: 86,38 l | P3: 25,97 l/100km | Q3: 26,34 l/100km | R3: 6,42 l/h | S3: 0 | U3: 0
A4: Árgyellán István Augusto | B4: 2026. 04. 01. - 2026. 04. 06. | C4: 1 470,85 km | D4: 1 504,17 km | E4: 0.76574074 | F4: 2026.04.01. 10:30:01 | G4: 2026.04.02. 17:55:48 | H4: 0.97560185 | I4: 0.81766204 | J4: 0.76736111 | K4: 0.76378472 | L4: 0.020416667 | M4: 0.78777778 | N4: 354,0 l | O4: 413,76 l | P4: 24,07 l/100km | Q4: 23,53 l/100km | R4: 15,12 l/h | S4: 0
A5: Árvai Gábor | B5: 2026. 04. 01. - 2026. 04. 06. | C5: 1 674,43 km | D5: 1 696,48 km | E5: 0.88150463 | F5: 2026.04.01. 01:09:21 | G5: 2026.04.06. 23:59:53 | H5: 1.5454745 | I5: 0.98931713 | J5: 0.88472222 | K5: 0.88043981 | L5: 0.026736111 | M5: 0.91145833 | N5: 485,0 l | O5: 543,24 l | P5: 28,97 l/100km | Q5: 28,59 l/100km | R5: 13,08 l/h | S5: 0
A6: Árvai József | B6: 2026. 04. 01. - 2026. 04. 06. | C6: 1 591,85 km | D6: 1 581,31 km | E6: 0.80204861 | F6: 2026.04.01. 00:00:04 | G6: 2026.04.03. 06:06:59 | H6: 2.0785648 | I6: 0.84258102 | J6: 1.2618056 | K6: 0.79775463 | L6: 0.023460648 | M6: 1.2852662 | N6: 362,0 l | O6: 118,69 l | P6: 22,74 l/100km | Q6: 22,89 l/100km | R6: 7,26 l/h | S6: 0
A7: Bagi Lajos | B7: 2026. 04. 01. - 2026. 04. 06. | C7: 133,51 km | D7: 134,47 km | E7: 0.072708333 | F7: 2026.04.06. 22:02:44 | G7: 2026.04.06. 23:59:55 | H7: 0.081377315 | I7: 0.078715278 | J7: 0.072222222 | K7: 0.07193287 | L7: 0.0017476852 | M7: 0.073969907 | N7: 31,0 l | O7: 26,51 l | P7: 23,22 l/100km | Q7: 23,05 l/100km | R7: 15,87 l/h | S7: 0
A8: Bagi Márió Lajos | B8: 2026. 04. 01. - 2026. 04. 06. | C8: 0,0 km | D8: 0,0 km | E8: 0 | F8: 2026.04.06. 22:03:46 | G8: 2026.04.06. 23:59:55 | H8: 0.080659722 | I8: 0 | J8: 0 | K8: 0 | L8: 0 | M8: 0 | N8: 0,0 l | O8: 0,0 l | P8: 0,0 l/100km | Q8: 0,0 l/100km | R8: 0,0 l/h | S8: 0
A9: Bak László | B9: 2026. 04. 01. - 2026. 04. 06. | C9: 313,9 km | D9: 313,38 km | E9: 0.29215278 | F9: 2026.04.01. 08:26:20 | G9: 2026.04.02. 17:16:23 | H9: 0.65693287 | I9: 0.32771991 | J9: 1.7631944 | K9: 0.32572917 | L9: 0.045706019 | M9: 1.8089005 | N9: 89,0 l | O9: 483,56 l | P9: 28,35 l/100km | Q9: 28,4 l/100km | R9: 5,64 l/h | S9: 0
A10: Balázs István | B10: 2026. 04. 01. - 2026. 04. 06. | C10: 1 426,48 km | D10: 1 401,93 km | E10: 0.77925926 | F10: 2026.04.01. 00:00:06 | G10: 2026.04.04. 03:25:18 | H10: 2.1699884 | I10: 0.85773148 | J10: 0.78819444 | K10: 0.77657407 | L10: 0.090578704 | M10: 0.87877315 | N10: 303,0 l | O10: 820,27 l | P10: 21,24 l/100km | Q10: 21,61 l/100km | R10: 5,82 l/h | S10: 0
A11: Balázs Tibor | B11: 2026. 04. 01. - 2026. 04. 06. | C11: 259,46 km | D11: 261,82 km | E11: 0.1434375 | F11: 2026.04.01. 02:02:40 | G11: 2026.04.01. 05:57:11 | H11: 0.1628588 | I11: 0.14777778 | J11: 0.14444444 | K11: 0.14255787 | L11: 0.0057175926 | M11: 0.15016204 | N11: 63,0 l | O11: 747,96 l | P11: 24,28 l/100km | Q11: 24,06 l/100km | R11: 16,12 l/h | S11: 0
A12: Balogh Dávid | B12: 2026. 04. 01. - 2026. 04. 06. | C12: 422,93 km | D12: 426,32 km | E12: 0.24248843 | F12: 2026.04.02. 02:46:50 | G12: 2026.04.02. 10:16:14 | H12: 0.31208333 | I12: 0.25886574 | J12: 0.24305556 | K12: 0.24239583 | L12: 0.013136574 | M12: 0.25619213 | N12: 99,0 l | O12: 491,16 l | P12: 23,41 l/100km | Q12: 23,22 l/100km | R12: 13,22 l/h | S12: 0
A13: Berek Dániel | B13: 2026. 04. 01. - 2026. 04. 06. | C13: 0,0 km | D13: 0,0 km | E13: 0 | H13: 0 | I13: 0 | J13: 0 | K13: 0 | L13: 0 | M13: 0 | N13: 0,0 l | O13: 0,0 l | P13: 0,0 l/100km | Q13: 0,0 l/100km | R13: 0,0 l/h | S13: 0
A14: Berek Gábor | B14: 2026. 04. 01. - 2026. 04. 06. | C14: 0,0 km | D14: 0,0 km | E14: 0 | H14: 0 | I14: 0 | J14: 0 | K14: 0 | L14: 0 | M14: 0 | N14: 0,0 l | O14: 0,0 l | P14: 0,0 l/100km | Q14: 0,0 l/100km | R14: 0,0 l/h | S14: 0
A15: Berki Richárd Sándor | B15: 2026. 04. 01. - 2026. 04. 06. | C15: 1 355,51 km | D15: 1 357,13 km | E15: 0.78648148 | F15: 2026.04.01. 05:51:09 | G15: 2026.04.03. 06:22:08 | H15: 1.0566435 | I15: 0.85704861 | J15: 0.79097222 | K15: 0.77679398 | L15: 0.06875 | M15: 0.85972222 | N15: 399,0 l | O15: 916,32 l | P15: 29,44 l/100km | Q15: 29,4 l/100km | R15: 15,73 l/h | S15: 0
A16: Bokor Zsolt | B16: 2026. 04. 01. - 2026. 04. 06. | C16: 0,0 km | D16: 0,0 km | E16: 0 | H16: 0 | I16: 0 | J16: 0 | K16: 0 | L16: 0 | M16: 0 | N16: 0,0 l | O16: 0,0 l | P16: 0,0 l/100km | Q16: 0,0 l/100km | R16: 0,0 l/h | S16: 0
A17: Busi Sándor János | B17: 2026. 04. 01. - 2026. 04. 06. | C17: 1 421,67 km | D17: 1 430,82 km | E17: 0.74052083 | F17: 2026.04.01. 10:46:19 | G17: 2026.04.02. 19:51:55 | H17: 1.0500231 | I17: 0.80459491 | J17: 0.73958333 | K17: 0.74 | L17: 0.03181713 | M17: 0.77140046 | N17: 310,0 l | O17: 546,12 l | P17: 21,81 l/100km | Q17: 21,67 l/100km | R17: 12,3 l/h | S17: 0
A18: Choijiljav Batbaatar | B18: 2026. 04. 01. - 2026. 04. 06. | C18: 1 940,16 km | D18: 1 929,86 km | E18: 0.99125 | F18: 2026.04.01. 00:00:05 | G18: 2026.04.04. 09:59:57 | H18: 2.5318403 | I18: 1.0548264 | J18: 0.98402778 | K18: 0.98081019 | L18: 0.075069444 | M18: 1.0590972 | N18: 548,0 l | O18: 577,2 l | P18: 28,25 l/100km | Q18: 28,4 l/100km | R18: 9,02 l/h | S18: 0
A19: Csák László | B19: 2026. 04. 01. - 2026. 04. 06. | C19: 1 156,99 km | D19: 1 157,94 km | E19: 0.71664352 | F19: 2026.04.01. 08:13:56 | G19: 2026.04.02. 17:59:05 | H19: 1.4061806 | I19: 1.0906944 | J19: 0.68958333 | K19: 0.68006944 | L19: 0.07650463 | M19: 0.76608796 | N19: 334,0 l | O19: 876,36 l | P19: 28,87 l/100km | Q19: 28,84 l/100km | R19: 9,9 l/h | S19: 0
A20: Csepeti Péter | B20: 2026. 04. 01. - 2026. 04. 06. | C20: 978,21 km | D20: 982,79 km | E20: 0.62730324 | F20: 2026.04.01. 00:17:02 | G20: 2026.04.02. 18:24:44 | H20: 1.0527778 | I20: 0.74193287 | J20: 0.63888889 | K20: 0.62460648 | L20: 0.10481481 | M20: 0.7437037 | N20: 312,0 l | O20: 184,08 l | P20: 31,89 l/100km | Q20: 31,75 l/100km | R20: 12,35 l/h | S20: 0
A21: Csicsai Gábor | B21: 2026. 04. 01. - 2026. 04. 06. | C21: 639,51 km | D21: 636,52 km | E21: 0.35118056 | F21: 2026.04.01. 01:35:19 | G21: 2026.04.01. 13:45:52 | H21: 0.50732639 | I21: 0.37361111 | J21: 0.35416667 | K21: 0.35084491 | L21: 0.065115741 | M21: 0.41928241 | N21: 185,0 l | O21: 378,73 l | P21: 28,93 l/100km | Q21: 29,06 l/100km | R21: 15,19 l/h | S21: 0
A22: Dalanics Zsolt | B22: 2026. 04. 01. - 2026. 04. 06. | C22: 1 410,06 km | D22: 1 398,48 km | E22: 0.76450231 | F22: 2026.04.01. 01:23:00 | G22: 2026.04.05. 23:26:30 | H22: 1.5534838 | I22: 0.81149306 | J22: 0.76944444 | K22: 0.76630787 | L22: 0.024710648 | M22: 0.79415509 | N22: 379,0 l | O22: 764,16 l | P22: 26,88 l/100km | Q22: 27,1 l/100km | R22: 10,17 l/h | S22: 0
A23: Dénes Gábor | B23: 2026. 04. 01. - 2026. 04. 06. | C23: 441,63 km | D23: 446,12 km | E23: 0.36361111 | F23: 2026.04.01. 08:02:04 | G23: 2026.04.04. 14:06:15 | H23: 1.0676968 | I23: 0.46122685 | J23: 0.35069444 | K23: 0.3434375 | L23: 0.10055556 | M23: 0.45125 | N23: 140,0 l | O23: 279,58 l | P23: 31,7 l/100km | Q23: 31,38 l/100km | R23: 5,46 l/h | S23: 0
A24: Drozd Péter | B24: 2026. 04. 01. - 2026. 04. 06. | C24: 1 949,34 km | D24: 1 972,38 km | E24: 1.0827546 | F24: 2026.04.01. 04:54:35 | G24: 2026.04.04. 09:20:08 | H24: 2.0220023 | I24: 1.1166551 | J24: 1.0861111 | K24: 1.0854745 | L24: 0.073935185 | M24: 1.1600463 | N24: 458,0 l | O24: 1 063,32 l | P24: 23,5 l/100km | Q24: 23,22 l/100km | R24: 9,44 l/h | S24: 0
A25: Fábián Szabolcs | B25: 2026. 04. 01. - 2026. 04. 06. | C25: 1 872,94 km | D25: 1 855,46 km | E25: 0.9896875 | F25: 2026.04.01. 03:57:35 | G25: 2026.04.04. 10:13:58 | H25: 2.7453472 | I25: 1.0919792 | J25: 0.99444444 | K25: 0.98486111 | L25: 0.083032407 | M25: 1.0774769 | N25: 476,0 l | O25: 532,08 l | P25: 25,41 l/100km | Q25: 25,65 l/100km | R25: 7,22 l/h | S25: 0
A26: Farkas Rudolf Attila | B26: 2026. 04. 01. - 2026. 04. 06. | C26: 0,0 km | D26: 0,0 km | E26: 0 | H26: 0 | I26: 0 | J26: 0 | K26: 0 | L26: 0 | M26: 0 | N26: 0,0 l | O26: 0,0 l | P26: 0,0 l/100km | Q26: 0,0 l/100km | R26: 0,0 l/h | S26: 0
A27: Fodor Károly | B27: 2026. 04. 01. - 2026. 04. 06. | C27: 1 584,76 km | D27: 1 559,63 km | E27: 0.91972222 | F27: 2026.04.01. 03:51:46 | G27: 2026.04.03. 08:31:54 | H27: 1.3077662 | I27: 0.96289352 | J27: 0.93541667 | K27: 0.91180556 | L27: 0.046736111 | M27: 0.98215278 | N27: 353,0 l | O27: 1 522,62 l | P27: 22,27 l/100km | Q27: 22,63 l/100km | R27: 11,25 l/h | S27: 0
A28: Gál András | B28: 2026. 04. 01. - 2026. 04. 06. | C28: 1 033,99 km | D28: 1 029,84 km | E28: 0.75112269 | F28: 2026.04.01. 13:18:51 | G28: 2026.04.04. 22:02:31 | H28: 2.0714583 | I28: 1.1232292 | J28: 2.3395833 | K28: 0.74729167 | L28: 0.14664352 | M28: 2.4862269 | N28: 318,0 l | O28: 133,42 l | P28: 30,75 l/100km | Q28: 30,88 l/100km | R28: 6,4 l/h | S28: 0
A29: Gáli Zoltán Péter | B29: 2026. 04. 01. - 2026. 04. 06. | C29: 1 363,84 km | D29: 1 375,91 km | E29: 0.71556713 | F29: 2026.04.01. 12:26:33 | G29: 2026.04.04. 05:29:34 | H29: 2.2994907 | I29: 0.85228009 | J29: 0.71527778 | K29: 0.71482639 | L29: 0.030243056 | M29: 0.74552083 | N29: 355,0 l | O29: 508,62 l | P29: 26,03 l/100km | Q29: 25,8 l/100km | R29: 6,43 l/h | S29: 0
A30: Gerstmayer Zoltán | B30: 2026. 04. 01. - 2026. 04. 06. | C30: 0,0 km | D30: 0,0 km | E30: 0 | H30: 0 | I30: 0 | J30: 0 | K30: 0 | L30: 0 | M30: 0 | N30: 0,0 l | O30: 0,0 l | P30: 0,0 l/100km | Q30: 0,0 l/100km | R30: 0,0 l/h | S30: 0
A31: Gérus Elemér | B31: 2026. 04. 01. - 2026. 04. 06. | C31: 610,49 km | D31: 603,81 km | E31: 0.47130787 | F31: 2026.04.01. 05:23:46 | G31: 2026.04.04. 19:27:36 | H31: 1.1909838 | I31: 0.59053241 | J31: 0.47638889 | K31: 0.48188657 | L31: 0.089884259 | M31: 0.56627315 | N31: 171,0 l | O31: 83,02 l | P31: 28,01 l/100km | Q31: 28,32 l/100km | R31: 5,98 l/h | S31: 0
A32: Giber Zoltán | B32: 2026. 04. 01. - 2026. 04. 06. | C32: 1 536,4 km | D32: 1 523,35 km | E32: 0.78607639 | F32: 2026.04.01. 02:23:49 | G32: 2026.04.02. 23:20:04 | H32: 1.8722222 | I32: 0.82046296 | J32: 0.79027778 | K32: 0.78423611 | L32: 0.022453704 | M32: 0.81273148 | N32: 357,0 l | O32: 672,98 l | P32: 23,24 l/100km | Q32: 23,44 l/100km | R32: 7,95 l/h | S32: 0
